City,Compounded_polarity
Chennai,7.096
Chennai,5.859
Chennai,3.612
Chennai,4.995
Chennai,7.156
Chennai,-5.067
Chennai,5.574
Chennai,-2.263
Chennai,4.588
Chennai,-5.743
Chennai,8.399
Chennai,5.719
Chennai,5.994
Chennai,-5.743
Chennai,-6.808
Chennai,5.994
Chennai,8.36
Chennai,8.718
Chennai,-2.263
Chennai,5.994
Chennai,4.912
Chennai,-5.419
Chennai,6.24
Chennai,1.695
Chennai,-3.4
Chennai,4.321
Chennai,5.994
Chennai,-3.4
Chennai,3.612
Chennai,6.58
Chennai,8.36
Chennai,-6.114
Chennai,3.612
Chennai,-1.779
Chennai,6.841
Chennai,5.719
Chennai,3.612
Chennai,6.24
Chennai,-5.743
Chennai,4.215
Chennai,8.72
Chennai,8.926
Chennai,-2.263
Chennai,-3.818
Chennai,4.215
Chennai,-4.404
Chennai,3.786
Chennai,3.578
Chennai,3.612
Chennai,6.369
Chennai,4.215
Chennai,5.859
Chennai,5.267
Chennai,1.28
Chennai,5.994
Chennai,-1.28
Chennai,6.361
Chennai,4.389
Chennai,4.019
Chennai,-4.019
Chennai,-1.531
Chennai,4.926
Chennai,4.215
Chennai,5.267
Chennai,5.994
Chennai,-5.267
Chennai,-2.96
Chennai,1.298
Chennai,4.404
Chennai,8.673
Chennai,4.404
Chennai,5.267
Chennai,7.639
Chennai,6.486
Chennai,4.939
Chennai,7.256
Chennai,-4.404
Chennai,4.545
Chennai,-3.4
Chennai,4.995
Chennai,2.023
Chennai,2.732
Chennai,7.346
Chennai,5.859
Chennai,5.994
Chennai,-4.404
Chennai,6.095
Chennai,-5.994
Chennai,2.96
Chennai,5.994
Chennai,-7.506
Chennai,8.91
Chennai,8.074
Chennai,-2.425
Chennai,-3.4
Chennai,4.939
Chennai,0.772
Chennai,5.719
Chennai,-3.4
Chennai,-4.767
Chennai,2.732
Chennai,2.96
Chennai,8.217
Chennai,-1.531
Chennai,-4.522
Chennai,6.884
Chennai,-1.725
Chennai,4.939
Chennai,2.023
Chennai,7.906
Chennai,4.939
Chennai,9.15
Chennai,-3.182
Chennai,-5.696
Chennai,0.314
Chennai,7.906
Chennai,-1.511
Chennai,5.994
Chennai,-7.351
Chennai,5.859
Chennai,-0.258
Chennai,7.346
Chennai,4.588
Chennai,4.391
Chennai,5.859
Chennai,7.862
Chennai,4.522
Chennai,6.884
Chennai,3.4
Chennai,3.4
Chennai,5.994
Chennai,7.964
Chennai,6.103
Chennai,7.964
Chennai,4.588
Chennai,-4.404
Chennai,5.859
Chennai,8.718
Chennai,-3.4
Chennai,-4.404
Chennai,3.612
Chennai,5.267
Chennai,5.994
Chennai,3.612
Chennai,4.404
Chennai,6.801
Chennai,-3.4
Chennai,-3.4
Chennai,5.106
Chennai,6.369
Chennai,-6.486
Chennai,-3.804
Chennai,8.834
Chennai,-5.448
Chennai,7.43
Chennai,7.901
Chennai,4.767
Chennai,8.057
Chennai,6.467
Chennai,0.276
Chennai,0.258
Chennai,-1.779
Chennai,5.267
Chennai,8.345
Chennai,9.325
Chennai,8.519
Chennai,5.696
Chennai,8.316
Chennai,-5.267
Chennai,-5.448
Chennai,3.4
Chennai,5.994
Chennai,8.585
Chennai,3.612
Chennai,5.972
Chennai,6.369
Chennai,8.402
Chennai,-5.789
Chennai,0.258
Chennai,2.263
Chennai,6.597
Chennai,-4.019
Chennai,0.772
Chennai,-3.724
Chennai,3.182
Chennai,5.719
Chennai,5.053
Chennai,5.673
Chennai,6.884
Chennai,8.679
Chennai,8.316
Chennai,6.239
Chennai,6.597
Chennai,5.859
Chennai,4.019
Chennai,7.256
Chennai,4.767
Chennai,5.859
Chennai,6.597
Chennai,4.738
Chennai,4.019
Chennai,6.562
Chennai,9.062
Chennai,6.597
Chennai,5.673
Chennai,0.258
Chennai,5.574
Chennai,5.994
Chennai,6.369
Chennai,3.612
Chennai,-1.531
Chennai,8.316
Chennai,5.562
Chennai,2.732
Chennai,5.719
Chennai,-2.96
Chennai,5.994
Chennai,4.767
Chennai,3.818
Chennai,-2.263
Chennai,5.574
Chennai,8.36
Chennai,3.612
Chennai,5.696
Chennai,5.994
Chennai,8.57
Chennai,2.732
Chennai,5.859
Chennai,8.02
Chennai,-1.28
Chennai,7.074
Chennai,4.389
Chennai,6.369
Chennai,-2.144
Chennai,5.994
Chennai,4.389
Chennai,5.859
Chennai,-2.023
Chennai,3.612
Chennai,7.074
Chennai,8.176
Chennai,6.486
Chennai,7.959
Chennai,5.994
Chennai,-2.96
Chennai,3.4
Chennai,6.597
Chennai,8.513
Chennai,-4.184
Chennai,7.43
Chennai,5.423
Chennai,5.562
Chennai,1.007
Chennai,9.524
Chennai,6.486
Chennai,-5.09
Chennai,7.074
Chennai,1.695
Chennai,-7.081
Chennai,7.003
Chennai,5.449
Chennai,6.239
Chennai,8.679
Chennai,-4.404
Chennai,5.859
Chennai,-3.182
Chennai,3.612
Chennai,3.612
Chennai,-6.58
Chennai,6.239
Chennai,3.4
Chennai,8.834
Chennai,5.423
Chennai,7.777
Chennai,-4.767
Chennai,5.538
Chennai,3.612
Chennai,9.098
Chennai,7.901
Chennai,7.074
Chennai,1.28
Chennai,6.239
Chennai,3.4
Chennai,5.994
Chennai,0.772
Chennai,5.267
Chennai,6.486
Chennai,6.776
Chennai,7.579
Chennai,7.351
Chennai,8.212
Chennai,-8.658
Chennai,4.31
Chennai,3.612
Chennai,8.715
Chennai,5.994
Chennai,7.067
Chennai,7.184
Chennai,4.215
Chennai,7.906
Chennai,5.719
Chennai,-5.719
Chennai,5.994
Chennai,-2.732
Chennai,0.258
Chennai,5.719
Chennai,-2.96
Chennai,3.4
Chennai,6.36
Chennai,5.994
Chennai,7.351
Chennai,2.263
Chennai,6.369
Chennai,8.834
Chennai,1.779
Chennai,5.859
Chennai,0.772
Chennai,-4.767
Chennai,5.994
Chennai,7.074
Chennai,-2.96
Chennai,6.369
Chennai,7.772
Chennai,3.4
Chennai,-4.939
Chennai,7.783
Chennai,6.467
Chennai,6.239
Chennai,5.754
Chennai,2.716
Chennai,1.779
Chennai,8.473
Chennai,9.136
Chennai,7.351
Chennai,5.719
Chennai,-3.4
Chennai,2.235
Chennai,6.239
Chennai,6.58
Chennai,2.5
Chennai,7.568
Chennai,3.182
Chennai,9.062
Chennai,7.192
Chennai,6.988
Chennai,9.231
Chennai,4.545
Chennai,4.767
Chennai,5.267
Chennai,5.267
Chennai,0.516
Chennai,5.719
Chennai,4.019
Chennai,6.239
Chennai,4.966
Chennai,5.719
Chennai,5.574
Chennai,3.818
Chennai,5.574
Chennai,9.065
Chennai,9.364
Chennai,-4.168
Chennai,-4.588
Chennai,7.783
Chennai,0.451
Chennai,8.225
Chennai,8.748
Chennai,5.719
Chennai,7.003
Chennai,4.545
Chennai,-4.019
Chennai,5.538
Chennai,3.818
Chennai,5.267
Chennai,4.019
Chennai,9.661
Chennai,4.404
Chennai,4.574
Chennai,5.994
Chennai,5.859
Chennai,9.514
Chennai,7.578
Chennai,4.019
Chennai,7.156
Chennai,7.431
Chennai,5.719
Chennai,8.748
Chennai,5.267
Chennai,7.644
Chennai,9.432
Chennai,7.579
Chennai,-4.184
Chennai,5.267
Chennai,8.074
Chennai,8.225
Chennai,7.351
Chennai,7.783
Chennai,7.184
Chennai,7.243
Chennai,4.019
Chennai,5.994
Chennai,4.648
Chennai,-3.182
Chennai,5.994
Chennai,5.719
Chennai,5.859
Chennai,5.859
Chennai,8.86
Chennai,2.382
Chennai,7.798
Chennai,5.267
Chennai,9.514
Chennai,8.402
Chennai,-4.71
Chennai,6.688
Chennai,5.848
Chennai,8.176
Chennai,5.994
Chennai,-4.588
Chennai,5.994
Chennai,5.267
Chennai,5.994
Chennai,-3.182
Chennai,9.081
Chennai,5.267
Chennai,8.122
Chennai,5.267
Chennai,5.719
Chennai,8.353
Chennai,7.192
Chennai,5.994
Chennai,8.316
Chennai,5.267
Chennai,8.625
Chennai,5.719
Chennai,5.994
Chennai,8.316
Chennai,5.994
Chennai,-6.973
Chennai,6.808
Chennai,-8.926
Chennai,4.019
Chennai,6.908
Chennai,8.074
Chennai,5.719
Chennai,2.942
Chennai,6.597
Chennai,9.081
Chennai,9.423
Chennai,5.994
Chennai,8.176
Chennai,6.458
Chennai,8.225
Chennai,5.994
Chennai,9.442
Chennai,8.271
Chennai,-4.588
Chennai,9.364
Chennai,7.644
Chennai,9.1
Chennai,8.221
Chennai,7.783
Chennai,5.994
Chennai,5.994
Chennai,9.46
Chennai,6.214
Chennai,0.772
Chennai,6.908
Chennai,4.303
Chennai,5.826
Chennai,8.885
Chennai,-4.404
Chennai,8.388
Chennai,7.717
Chennai,9.274
Chennai,8.221
Chennai,6.808
Chennai,7.506
Chennai,-4.588
Chennai,5.951
Chennai,8.02
Chennai,5.848
Chennai,4.767
Chennai,6.705
Chennai,7.5
Chennai,3.612
Chennai,9.274
Chennai,-4.939
Chennai,7.5
Chennai,9.274
Chennai,7.783
Chennai,8.402
Chennai,3.612
Chennai,6.776
Chennai,-4.215
Chennai,3.612
Chennai,8.977
Chennai,5.719
Chennai,9.274
Chennai,9.538
Chennai,8.02
Chennai,7.783
Chennai,3.999
Chennai,5.719
Chennai,5.994
Chennai,5.719
Chennai,5.267
Chennai,7.184
Chennai,8.02
Chennai,2.263
Chennai,5.859
Chennai,5.994
Chennai,-4.588
Chennai,9.022
Chennai,6.688
Chennai,5.267
Chennai,6.369
Chennai,9.133
Chennai,5.994
Chennai,4.767
Chennai,7.825
Chennai,5.267
Chennai,4.019
Chennai,8.02
Chennai,5.719
Chennai,5.994
Chennai,7.506
Chennai,9.153
Chennai,8.225
Chennai,9.514
Chennai,8.934
Chennai,5.994
Chennai,7.125
Chennai,6.9
Chennai,5.719
Chennai,8.679
Chennai,9.133
Chennai,4.767
Chennai,-3.818
Chennai,6.597
Chennai,-1.779
Chennai,3.612
Chennai,8.36
Chennai,-3.412
Chennai,5.719
Chennai,9.087
Chennai,3.612
Chennai,-2.96
Chennai,7.43
Chennai,6.278
Chennai,5.994
Chennai,9.752
Chennai,8.948
Chennai,4.404
Chennai,5.719
Chennai,-1.027
Chennai,7.798
Chennai,9.231
Chennai,5.994
Chennai,5.994
Chennai,8.353
Chennai,5.859
Chennai,8.885
Chennai,-4.003
Chennai,4.574
Chennai,7.964
Chennai,8.074
Chennai,6.739
Chennai,2.714
Chennai,-4.588
Chennai,-5.994
Chennai,8.104
Chennai,2.732
Chennai,5.859
Chennai,-5.719
Chennai,6.369
Chennai,8.02
Chennai,6.467
Chennai,7.43
Chennai,8.388
Chennai,8.207
Chennai,4.215
Chennai,-6.174
Chennai,5.859
Chennai,4.545
Chennai,1.139
Chennai,2.96
Chennai,-4.588
Chennai,2.263
Chennai,-2.96
Chennai,6.249
Chennai,8.074
Chennai,4.404
Chennai,5.994
Chennai,9.448
Chennai,7.783
Chennai,7.84
Chennai,6.289
Chennai,8.619
Chennai,9.423
Chennai,1.28
Chennai,8.225
Chennai,9.752
Chennai,8.388
Chennai,9.186
Chennai,7.783
Chennai,-4.717
Chennai,4.019
Chennai,5.719
Chennai,-4.588
Chennai,6.249
Chennai,8.36
Chennai,7.269
Chennai,7.887
Chennai,8.934
Chennai,8.225
Chennai,3.4
Chennai,4.767
Chennai,7.783
Chennai,8.391
Chennai,8.388
Chennai,5.994
Chennai,8.748
Chennai,8.225
Chennai,-6.083
Chennai,8.225
Chennai,8.475
Chennai,5.267
Chennai,-2.263
Chennai,5.719
Chennai,8.36
Chennai,7.964
Chennai,-2.5
Chennai,3.612
Chennai,4.215
Chennai,5.994
Chennai,8.275
Chennai,5.106
Chennai,-5.719
Chennai,0.165
Chennai,8.591
Chennai,7.717
Chennai,5.994
Chennai,5.859
Chennai,8.225
Chennai,6.289
Chennai,5.267
Chennai,8.442
Chennai,7.096
Chennai,-0.909
Chennai,8.902
Chennai,5.267
Chennai,7.964
Chennai,6.36
Chennai,5.994
Chennai,-4.939
Chennai,8.346
Chennai,5.994
Chennai,9.274
Chennai,8.769
Chennai,6.103
Chennai,8.442
Chennai,4.767
Chennai,2.263
Chennai,9.297
Chennai,6.876
Chennai,7.579
Chennai,8.858
Chennai,7.227
Chennai,9.319
Chennai,-4.44
Chennai,9.274
Chennai,6.239
Chennai,8.225
Chennai,7.096
Chennai,6.597
Chennai,3.348
Chennai,7.959
Chennai,5.994
Chennai,6.36
Chennai,6.103
Chennai,0.258
Chennai,4.404
Chennai,5.803
Chennai,9.514
Chennai,9.348
Chennai,2.732
Chennai,4.019
Chennai,6.114
Chennai,5.994
Chennai,8.271
Chennai,5.994
Chennai,3.612
Chennai,6.289
Chennai,5.994
Chennai,6.209
Chennai,3.164
Chennai,6.58
Chennai,5.994
Chennai,-6.369
Chennai,-2.263
Chennai,9.274
Chennai,5.411
Chennai,6.625
Chennai,5.719
Chennai,-6.224
Chennai,6.597
Chennai,5.859
Chennai,-2.732
Chennai,6.289
Chennai,7.717
Chennai,4.019
Chennai,8.494
Chennai,8.885
Chennai,8.769
Chennai,6.083
Chennai,-5.719
Chennai,8.212
Chennai,6.705
Chennai,8.475
Chennai,5.994
Chennai,1.531
Chennai,7.882
Chennai,7.896
Chennai,0.516
Chennai,5.267
Chennai,3.182
Chennai,7.902
Chennai,8.516
Chennai,5.719
Chennai,5.267
Chennai,5.859
Chennai,8.834
Chennai,-5.562
Chennai,8.625
Chennai,5.994
Chennai,8.192
Chennai,-7.568
Chennai,5.719
Chennai,2.411
Chennai,0.516
Chennai,5.719
Chennai,5.719
Chennai,6.732
Chennai,5.994
Chennai,8.832
Chennai,8.126
Chennai,5.994
Chennai,8.537
Chennai,3.818
Chennai,4.404
Chennai,1.139
Chennai,5.719
Chennai,8.402
Chennai,9.661
Chennai,5.267
Chennai,5.719
Chennai,8.402
Chennai,8.126
Chennai,2.732
Chennai,4.199
Chennai,5.719
Chennai,7.783
Chennai,6.876
Chennai,5.719
Chennai,8.934
Chennai,3.164
Chennai,4.215
Chennai,-5.574
Chennai,-5.719
Chennai,-2.878
Chennai,6.36
Chennai,-0.516
Chennai,4.019
Chennai,4.767
Chennai,3.4
Chennai,9.022
Chennai,7.184
Chennai,5.574
Chennai,5.267
Chennai,5.267
Chennai,8.302
Chennai,5.972
Chennai,9.514
Chennai,6.369
Chennai,6.369
Chennai,4.767
Chennai,-3.818
Chennai,9.488
Chennai,7.432
Chennai,5.859
Chennai,9.579
Chennai,5.994
Chennai,-5.106
Chennai,-1.779
Chennai,8.126
Chennai,8.126
Chennai,5.719
Chennai,7.84
Chennai,2.023
Chennai,-2.878
Chennai,7.65
Chennai,8.316
Chennai,8.36
Chennai,-3.818
Chennai,6.124
Chennai,4.404
Chennai,-4.588
Chennai,5.859
Chennai,-7.783
Chennai,7.469
Chennai,8.429
Chennai,-5.696
Chennai,5.719
Chennai,8.316
Chennai,-4.184
Chennai,-5.562
Chennai,9.274
Chennai,5.994
Chennai,-4.588
Chennai,7.84
Chennai,8.316
Chennai,8.02
Chennai,7.579
Chennai,8.225
Chennai,-5.994
Chennai,8.591
Chennai,0.772
Chennai,8.479
Chennai,7.65
Chennai,3.802
Chennai,5.994
Chennai,1.027
Chennai,-0.258
Chennai,5.267
Chennai,5.574
Chennai,8.306
Chennai,7.43
Chennai,6.696
Chennai,3.853
Chennai,9.274
Chennai,-4.939
Chennai,4.588
Chennai,6.486
Chennai,-4.885
Chennai,9.432
Chennai,-7.677
Chennai,9.042
Chennai,-2.057
Chennai,-4.717
Chennai,-0.772
Chennai,5.574
Chennai,9.784
Chennai,8.718
Chennai,2.96
Chennai,3.612
Chennai,5.574
Chennai,5.719
Chennai,2.96
Chennai,8.126
Chennai,5.423
Chennai,-2.247
Chennai,8.779
Chennai,5.859
Chennai,8.225
Chennai,-4.939
Chennai,3.182
Chennai,5.267
Chennai,5.994
Chennai,5.423
Chennai,9.514
Chennai,8.885
Chennai,9.403
Chennai,9.26
Chennai,6.981
Chennai,7.003
Chennai,8.975
Chennai,8.225
Chennai,5.574
Chennai,9.342
Chennai,6.988
Chennai,8.975
Chennai,0.516
Chennai,8.176
Chennai,5.719
Chennai,8.316
Chennai,5.267
Chennai,8.356
Chennai,4.019
Chennai,6.688
Chennai,5.267
Chennai,6.36
Chennai,8.91
Chennai,6.777
Chennai,5.719
Chennai,6.486
Chennai,7.118
Chennai,5.859
Chennai,4.215
Chennai,4.66
Chennai,6.467
Chennai,-3.182
Chennai,5.574
Chennai,5.267
Chennai,6.36
Chennai,4.767
Chennai,-7.351
Chennai,2.732
Chennai,9.274
Chennai,5.719
Chennai,4.767
Chennai,1.053
Chennai,2.023
Chennai,8.176
Chennai,4.215
Chennai,-2.96
Chennai,-6.419
Chennai,5.994
Chennai,5.574
Chennai,-2.96
Chennai,7.125
Chennai,7.506
Chennai,7.65
Chennai,8.519
Chennai,6.784
Chennai,5.346
Chennai,8.36
Chennai,9.678
Chennai,-4.168
Chennai,8.164
Chennai,4.215
Chennai,5.267
Chennai,5.719
Chennai,5.719
Chennai,9.037
Chennai,-2.263
Chennai,5.994
Chennai,5.267
Chennai,6.249
Chennai,3.818
Chennai,5.267
Chennai,5.267
Chennai,8.164
Chennai,5.267
Chennai,5.994
Chennai,4.215
Chennai,8.225
Chennai,7.269
Chennai,-7.482
Chennai,5.267
Chennai,-2.96
Chennai,7.351
Chennai,-4.404
Chennai,6.688
Chennai,-3.182
Chennai,5.267
Chennai,5.423
Chennai,6.688
Chennai,6.777
Chennai,4.588
Chennai,4.184
Chennai,5.053
Chennai,1.779
Chennai,8.074
Chennai,5.574
Chennai,5.994
Chennai,4.995
Chennai,5.267
Chennai,1.759
Chennai,5.08
Chennai,-4.939
Chennai,6.784
Chennai,5.994
Chennai,5.994
Chennai,6.239
Chennai,5.574
Chennai,7.351
Chennai,-0.772
Chennai,3.612
Chennai,5.859
Chennai,5.994
Chennai,5.994
Chennai,-5.267
Chennai,6.115
Chennai,8.306
Chennai,8.774
Chennai,8.176
Chennai,5.994
Chennai,5.267
Chennai,8.02
Chennai,5.574
Chennai,5.859
Chennai,8.353
Chennai,1.531
Chennai,5.719
Chennai,8.07
Chennai,8.467
Chennai,-0.772
Chennai,4.019
Chennai,6.369
Chennai,6.115
Chennai,-8.647
Chennai,0.129
Chennai,8.225
Chennai,5.719
Chennai,9.403
Chennai,-2.96
Chennai,7.906
Chennai,5.106
Chennai,5.574
Chennai,8.398
Chennai,9.434
Chennai,5.267
Chennai,8.36
Chennai,7.277
Chennai,5.994
Chennai,5.267
Chennai,9.201
Chennai,4.215
Chennai,3.818
Chennai,6.077
Chennai,8.074
Chennai,5.994
Chennai,6.249
Chennai,6.739
Chennai,6.884
Chennai,5.267
Chennai,5.859
Chennai,8.306
Chennai,6.249
Chennai,4.215
Chennai,6.841
Chennai,5.719
Chennai,5.859
Chennai,7.964
Chennai,8.402
Chennai,6.115
Chennai,5.267
Chennai,1.69
Chennai,-2.023
Chennai,5.719
Chennai,-2.023
Chennai,8.304
Chennai,5.859
Chennai,2.183
Chennai,-2.023
Chennai,7.096
Chennai,7.906
Chennai,-4.939
Chennai,7.125
Chennai,8.603
Chennai,-2.263
Chennai,7.184
Chennai,6.085
Chennai,6.58
Chennai,-7.329
Chennai,2.183
Chennai,8.074
Chennai,6.467
Chennai,8.555
Chennai,8.774
Chennai,8.997
Chennai,5.859
Chennai,2.183
Chennai,1.298
Chennai,6.124
Chennai,-2.037
Chennai,-2.023
Chennai,8.741
Chennai,2.732
Chennai,4.404
Chennai,-2.732
Chennai,1.69
Chennai,7.845
Chennai,7.783
Chennai,6.58
Chennai,1.779
Chennai,3.919
Chennai,-4.404
Chennai,-6.348
Chennai,-4.215
Chennai,6.249
Chennai,6.369
Chennai,7.712
Chennai,9.296
Chennai,5.994
Chennai,3.182
Chennai,2.023
Chennai,5.267
Chennai,5.994
Chennai,6.249
Chennai,4.201
Chennai,7.096
Chennai,3.182
Chennai,8.316
Chennai,8.225
Chennai,7.851
Chennai,7.365
Chennai,9.274
Chennai,4.382
Chennai,8.668
Chennai,1.69
Chennai,8.591
Chennai,9.514
Chennai,2.732
Chennai,7.65
Chennai,5.267
Chennai,7.717
Chennai,4.215
Chennai,8.402
Chennai,8.02
Chennai,4.201
Chennai,8.591
Chennai,8.689
Chennai,3.919
Chennai,2.732
Chennai,-3.4
Chennai,4.404
Chennai,4.404
Chennai,4.019
Chennai,6.369
Chennai,8.402
Chennai,5.859
Chennai,-6.784
Chennai,6.808
Chennai,8.507
Chennai,4.215
Chennai,8.713
Chennai,2.5
Chennai,5.106
Chennai,8.555
Chennai,8.271
Chennai,-3.4
Chennai,5.673
Chennai,5.994
Chennai,7.43
Chennai,6.103
Chennai,5.267
Chennai,2.732
Chennai,5.719
Chennai,6.597
Chennai,4.019
Chennai,5.267
Chennai,8.519
Chennai,8.658
Chennai,4.019
Chennai,5.267
Chennai,8.834
Chennai,-2.96
Chennai,8.494
Chennai,5.719
Chennai,4.914
Chennai,8.689
Chennai,8.074
Chennai,7.43
Chennai,6.571
Chennai,5.994
Chennai,8.603
Chennai,9.348
Chennai,2.677
Chennai,7.333
Chennai,7.506
Chennai,6.981
Chennai,5.994
Chennai,8.176
Chennai,8.507
Chennai,8.739
Chennai,-0.516
Chennai,8.074
Chennai,4.215
Chennai,9.413
Chennai,8.35
Chennai,5.267
Chennai,8.555
Chennai,3.612
Chennai,-4.939
Chennai,4.912
Chennai,5.994
Chennai,5.994
Chennai,5.859
Chennai,7.845
Chennai,2.448
Chennai,5.859
Chennai,7.84
Chennai,4.019
Chennai,9.022
Chennai,6.249
Chennai,9.514
Chennai,7.712
Chennai,7.128
Chennai,-3.4
Chennai,-2.263
Chennai,4.795
Chennai,9.678
Chennai,3.612
Chennai,4.019
Chennai,8.777
Chennai,8.402
Chennai,4.019
Chennai,-8.188
Chennai,2.235
Chennai,5.267
Chennai,-2.5
Chennai,6.115
Chennai,-0.516
Chennai,6.524
Chennai,5.994
Chennai,9.413
Chennai,5.267
Chennai,6.249
Chennai,5.267
Chennai,9.01
Chennai,9.274
Chennai,5.994
Chennai,5.093
Chennai,8.807
Chennai,3.612
Chennai,9.337
Chennai,2.5
Chennai,9.513
Chennai,5.859
Chennai,8.807
Chennai,8.555
Chennai,7.627
Chennai,-4.767
Chennai,9.022
Chennai,5.994
Chennai,9.251
Chennai,2.183
Chennai,5.574
Chennai,7.003
Chennai,8.807
Chennai,-0.772
Chennai,-6.956
Chennai,7.927
Chennai,-0.634
Chennai,8.074
Chennai,0.258
Chennai,9.15
Chennai,2.023
Chennai,5.859
Chennai,7.717
Chennai,4.019
Chennai,7.784
Chennai,4.643
Chennai,8.398
Chennai,-6.597
Chennai,6.662
Chennai,5.423
Chennai,7.825
Chennai,-6.597
Chennai,7.783
Chennai,-5.574
Chennai,-6.597
Chennai,4.588
Chennai,0.772
Chennai,-2.96
Chennai,8.881
Chennai,8.442
Chennai,4.754
Chennai,8.074
Chennai,3.612
Chennai,8.475
Chennai,4.019
Chennai,8.658
Chennai,7.249
Chennai,3
Chennai,9.46
Chennai,8.172
Chennai,7.783
Chennai,8.225
Chennai,-6.171
Chennai,7.43
Chennai,4.404
Chennai,5.994
Chennai,8.779
Chennai,8.118
Chennai,4.215
Chennai,9.485
Chennai,-4.939
Chennai,1.027
Chennai,5.859
Chennai,9.403
Chennai,6.705
Chennai,4.019
Chennai,5.994
Chennai,7.65
Chennai,6.249
Chennai,9.46
Chennai,5.267
Chennai,8.689
Chennai,6.531
Chennai,8.36
Chennai,9.46
Chennai,3.103
Chennai,5.267
Chennai,3.4
Chennai,5.719
Chennai,3.802
Chennai,5.719
Chennai,5.423
Chennai,-4.939
Chennai,5.859
Chennai,5.707
Chennai,8.679
Chennai,0.258
Kolkata,8.402
Kolkata,9.217
Kolkata,-5.399
Kolkata,8.402
Kolkata,5.859
Kolkata,-3.818
Kolkata,5.859
Kolkata,-4.404
Kolkata,-4.559
Kolkata,4.939
Kolkata,1.28
Kolkata,5.52
Kolkata,5.673
Kolkata,3.182
Kolkata,8.221
Kolkata,5.386
Kolkata,4.019
Kolkata,-8.72
Kolkata,5.386
Kolkata,6.114
Kolkata,-1.511
Kolkata,1.511
Kolkata,3.612
Kolkata,4.404
Kolkata,5.173
Kolkata,-5.994
Kolkata,3.818
Kolkata,-5.106
Kolkata,8.91
Kolkata,8.074
Kolkata,7.964
Kolkata,-5.255
Kolkata,4.588
Kolkata,3.612
Kolkata,9.762
Kolkata,5.707
Kolkata,8.126
Kolkata,-6.124
Kolkata,9.46
Kolkata,8.176
Kolkata,4.019
Kolkata,9.287
Kolkata,8.176
Kolkata,8.86
Kolkata,-4.003
Kolkata,8.979
Kolkata,-5.673
Kolkata,4.215
Kolkata,6.776
Kolkata,8.655
Kolkata,6.597
Kolkata,-2.5
Kolkata,-5.067
Kolkata,-3.182
Kolkata,5.106
Kolkata,3.612
Kolkata,-2.924
Kolkata,8.834
Kolkata,5.994
Kolkata,1.28
Kolkata,-4.019
Kolkata,8.402
Kolkata,-2.924
Kolkata,9.062
Kolkata,7.346
Kolkata,2.846
Kolkata,5.574
Kolkata,-5.267
Kolkata,5.859
Kolkata,7.574
Kolkata,1.28
Kolkata,1.007
Kolkata,5.859
Kolkata,-6.588
Kolkata,4.545
Kolkata,-5.419
Kolkata,5.859
Kolkata,6.006
Kolkata,5.859
Kolkata,5.106
Kolkata,8.741
Kolkata,5.994
Kolkata,4.574
Kolkata,-2.023
Kolkata,5.994
Kolkata,9.3
Kolkata,6.239
Kolkata,-3.197
Kolkata,-3.4
Kolkata,-2.168
Kolkata,9.153
Kolkata,2.924
Kolkata,9.153
Kolkata,1.28
Kolkata,7.5
Kolkata,-3.182
Kolkata,2.023
Kolkata,8.75
Kolkata,4.404
Kolkata,-6.174
Kolkata,7.586
Kolkata,6.597
Kolkata,8.519
Kolkata,4.574
Kolkata,-4.003
Kolkata,8.126
Kolkata,1.139
Kolkata,7.003
Kolkata,0.258
Kolkata,9.442
Kolkata,4.574
Kolkata,8.074
Kolkata,8.074
Kolkata,2.235
Kolkata,6.239
Kolkata,6.472
Kolkata,-5.994
Kolkata,8.825
Kolkata,7.351
Kolkata,5.562
Kolkata,8.658
Kolkata,8.356
Kolkata,9.1
Kolkata,7.365
Kolkata,7.574
Kolkata,4.767
Kolkata,9.014
Kolkata,8.402
Kolkata,5.267
Kolkata,7.574
Kolkata,7.845
Kolkata,7.424
Kolkata,5.719
Kolkata,6.239
Kolkata,6.369
Kolkata,4.376
Kolkata,6.908
Kolkata,-2.96
Kolkata,8.092
Kolkata,6.896
Kolkata,6.808
Kolkata,5.994
Kolkata,5.859
Kolkata,8.313
Kolkata,5.859
Kolkata,4.404
Kolkata,8.439
Kolkata,5.994
Kolkata,9.488
Kolkata,7.579
Kolkata,3.612
Kolkata,5.994
Kolkata,4.019
Kolkata,-7.308
Kolkata,7.964
Kolkata,4.404
Kolkata,6.908
Kolkata,6.114
Kolkata,5.859
Kolkata,4.588
Kolkata,6.369
Kolkata,4.019
Kolkata,5.859
Kolkata,6.597
Kolkata,-1.511
Kolkata,2.714
Kolkata,8.313
Kolkata,9.286
Kolkata,6.124
Kolkata,8.176
Kolkata,-1.027
Kolkata,8.908
Kolkata,8.225
Kolkata,7.882
Kolkata,4.767
Kolkata,6.58
Kolkata,-4.215
Kolkata,6.981
Kolkata,5.106
Kolkata,8.388
Kolkata,9.389
Kolkata,1.28
Kolkata,8.619
Kolkata,5.267
Kolkata,5.859
Kolkata,7.088
Kolkata,-0.516
Kolkata,6.705
Kolkata,8.324
Kolkata,8.126
Kolkata,8.689
Kolkata,8.074
Kolkata,-3.382
Kolkata,-4.939
Kolkata,7.845
Kolkata,8.718
Kolkata,3.339
Kolkata,1.154
Kolkata,8.225
Kolkata,7.249
Kolkata,5.859
Kolkata,9.15
Kolkata,5.994
Kolkata,4.215
Kolkata,7.65
Kolkata,8.481
Kolkata,8.07
Kolkata,-2.96
Kolkata,8.625
Kolkata,-2.023
Kolkata,5.994
Kolkata,-5.994
Kolkata,8.625
Kolkata,-6.908
Kolkata,4.404
Kolkata,8.271
Kolkata,5.994
Kolkata,5.859
Kolkata,8.36
Kolkata,4.215
Kolkata,8.074
Kolkata,9.081
Kolkata,-4.939
Kolkata,8.402
Kolkata,9.056
Kolkata,0.258
Kolkata,2.942
Kolkata,6.289
Kolkata,7.43
Kolkata,-4.874
Kolkata,5.423
Kolkata,7.249
Kolkata,8.832
Kolkata,8.807
Kolkata,6.705
Kolkata,8.739
Kolkata,8.591
Kolkata,-2.96
Kolkata,6.74
Kolkata,5.994
Kolkata,8.777
Kolkata,4.588
Kolkata,6.774
Kolkata,9.274
Kolkata,8.02
Kolkata,4.019
Kolkata,5.267
Kolkata,8.074
Kolkata,3.4
Kolkata,5.719
Kolkata,5.562
Kolkata,5.994
Kolkata,5.994
Kolkata,8.074
Kolkata,8.36
Kolkata,4.926
Kolkata,3.612
Kolkata,8.918
Kolkata,6.696
Kolkata,8.074
Kolkata,2.96
Kolkata,7.43
Kolkata,5.267
Kolkata,5.423
Kolkata,6.688
Kolkata,6.289
Kolkata,2.96
Kolkata,8.271
Kolkata,6.239
Kolkata,5.423
Kolkata,2.225
Kolkata,0.258
Kolkata,-0.634
Kolkata,3.182
Kolkata,8.388
Kolkata,6.852
Kolkata,0.165
Kolkata,5.719
Kolkata,6.114
Kolkata,8.217
Kolkata,8.591
Kolkata,-3.818
Kolkata,5.719
Kolkata,-6.757
Kolkata,3.818
Kolkata,6.249
Kolkata,8.475
Kolkata,6.369
Kolkata,9.276
Kolkata,9.678
Kolkata,8.126
Kolkata,6.103
Kolkata,7.096
Kolkata,9.1
Kolkata,9.098
Kolkata,9.477
Kolkata,3.612
Kolkata,1.69
Kolkata,8.402
Kolkata,8.881
Kolkata,4.588
Kolkata,9.348
Kolkata,2.023
Kolkata,6.531
Kolkata,3.612
Kolkata,1.69
Kolkata,8.388
Kolkata,6.369
Kolkata,7.65
Kolkata,8.582
Kolkata,8.591
Kolkata,5.719
Kolkata,8.834
Kolkata,8.955
Kolkata,5.869
Kolkata,9.319
Kolkata,9.488
Kolkata,8.271
Kolkata,2.023
Kolkata,8.934
Kolkata,5.994
Kolkata,8.36
Kolkata,5.994
Kolkata,8.874
Kolkata,6.114
Kolkata,5.859
Kolkata,-0.516
Kolkata,6.249
Kolkata,9.413
Kolkata,8.55
Kolkata,6.705
Kolkata,-6.348
Kolkata,5.859
Kolkata,9.039
Kolkata,-3.331
Kolkata,0.772
Kolkata,8.765
Kolkata,6.239
Kolkata,4.019
Kolkata,-3.818
Kolkata,8.225
Kolkata,7.712
Kolkata,5.719
Kolkata,5.719
Kolkata,7.964
Kolkata,2.023
Kolkata,3.182
Kolkata,5.859
Kolkata,8.957
Kolkata,8.388
Kolkata,5.994
Kolkata,8.957
Kolkata,-1.28
Kolkata,7.783
Kolkata,7.154
Kolkata,-1.027
Kolkata,4.912
Kolkata,6.871
Kolkata,-7.284
Kolkata,2.732
Kolkata,4.019
Kolkata,9.661
Kolkata,5.267
Kolkata,4.019
Kolkata,-6.486
Kolkata,4.215
Kolkata,5.994
Kolkata,8.468
Kolkata,6.322
Kolkata,1.28
Mumbai,7.067
Mumbai,4.404
Mumbai,8.51
Mumbai,-1.779
Mumbai,-3.4
Mumbai,-5.093
Mumbai,6.908
Mumbai,7.096
Mumbai,6.239
Mumbai,4.588
Mumbai,0.772
Mumbai,3.612
Mumbai,-3.818
Mumbai,6.908
Mumbai,7.096
Mumbai,8.442
Mumbai,-3.4
Mumbai,7.269
Mumbai,-6.9
Mumbai,8.399
Mumbai,5.574
Mumbai,-2.425
Mumbai,-0.191
Mumbai,6.369
Mumbai,7.506
Mumbai,5.859
Mumbai,8.402
Mumbai,1.833
Mumbai,-5.696
Mumbai,-2.96
Mumbai,-5.994
Mumbai,5.859
Mumbai,4.404
Mumbai,-7.412
Mumbai,-2.263
Mumbai,-0.516
Mumbai,-3.818
Mumbai,2.96
Mumbai,5.994
Mumbai,-2.96
Mumbai,6.908
Mumbai,-3.818
Mumbai,7.717
Mumbai,3.382
Mumbai,7.249
Mumbai,7.43
Mumbai,7.901
Mumbai,3.612
Mumbai,8.834
Mumbai,2.5
Mumbai,4.019
Mumbai,4.939
Mumbai,8.768
Mumbai,3.612
Mumbai,4.019
Mumbai,-3.4
Mumbai,0.516
Mumbai,5.848
Mumbai,-3.4
Mumbai,2.235
Mumbai,-4.588
Mumbai,-3.4
Mumbai,1.695
Mumbai,3.612
Mumbai,5.267
Mumbai,-4.53
Mumbai,8.126
Mumbai,-6.641
Mumbai,-3.4
Mumbai,7.901
Mumbai,-1.511
Mumbai,-3.818
Mumbai,6.249
Mumbai,6.476
Mumbai,3.4
Mumbai,7.579
Mumbai,6.981
Mumbai,2.5
Mumbai,5.719
Mumbai,-1.027
Mumbai,-6.9
Mumbai,5.106
Mumbai,-3.818
Mumbai,3.612
Mumbai,-3.987
Mumbai,-5.106
Mumbai,-0.772
Mumbai,3.818
Mumbai,7.43
Mumbai,5.859
Mumbai,3.4
Mumbai,6.249
Mumbai,7.003
Mumbai,2.732
Mumbai,4.019
Mumbai,0.772
Mumbai,6.24
Mumbai,4.404
Mumbai,9.15
Mumbai,5.994
Mumbai,6.329
Mumbai,5.106
Mumbai,8.481
Mumbai,8.885
Mumbai,4.404
Mumbai,3.4
Mumbai,7.43
Mumbai,2.023
Mumbai,3.561
Mumbai,4.215
Mumbai,2.023
Mumbai,2.96
Mumbai,8.91
Mumbai,5.423
Mumbai,5.229
Mumbai,5.423
Mumbai,2.732
Mumbai,4.588
Mumbai,4.404
Mumbai,6.705
Mumbai,6.239
Mumbai,3.561
Mumbai,2.714
Mumbai,3.4
Mumbai,5.267
Mumbai,5.719
Mumbai,4.404
Mumbai,2.023
Mumbai,5.267
Mumbai,8.195
Mumbai,3.182
Mumbai,8.268
Mumbai,6.531
Mumbai,-3.818
Mumbai,5.859
Mumbai,-2.023
Mumbai,-4.824
Mumbai,-3.182
Mumbai,-0.516
Mumbai,7.964
Mumbai,4.767
Mumbai,-5.411
Mumbai,-3.612
Mumbai,4.019
Mumbai,7.43
Mumbai,-2.263
Mumbai,-7.184
Mumbai,8.176
Mumbai,0.772
Mumbai,6.531
Mumbai,3.612
Mumbai,6.808
Mumbai,-2.96
Mumbai,-2.247
Mumbai,5.994
Mumbai,-5.859
Mumbai,6.249
Mumbai,6.114
Mumbai,8.818
Mumbai,5.696
Mumbai,4.019
Mumbai,4.912
Mumbai,7.43
Mumbai,7.43
Mumbai,4.767
Mumbai,7.43
Mumbai,5.994
Mumbai,5.612
Mumbai,4.588
Mumbai,-5.083
Mumbai,5.859
Mumbai,2.023
Mumbai,-7.351
Mumbai,8.293
Mumbai,6.705
Mumbai,2.023
Mumbai,-7.351
Mumbai,-2.5
Mumbai,7.964
Mumbai,7.964
Mumbai,5.96
Mumbai,8.225
Mumbai,6.369
Mumbai,8.074
Mumbai,8.074
Mumbai,5.859
Mumbai,8.827
Mumbai,5.994
Mumbai,-4.374
Mumbai,7.43
Mumbai,4.559
Mumbai,5.08
Mumbai,5.859
Mumbai,5.423
Mumbai,-0.572
Mumbai,6.58
Mumbai,0.772
Mumbai,-2.411
Mumbai,-5.242
Mumbai,-5.423
Mumbai,-4.912
Mumbai,6.688
Mumbai,-6.597
Mumbai,7.739
Mumbai,-5.083
Mumbai,8.225
Mumbai,6.214
Mumbai,0.772
Mumbai,-4.389
Mumbai,3.612
Mumbai,4.588
Mumbai,-4.939
Mumbai,7.096
Mumbai,6.36
Mumbai,8.126
Mumbai,9.172
Mumbai,4.215
Mumbai,3.612
Mumbai,-4.767
Mumbai,-7.821
Mumbai,5.859
Mumbai,3.919
Mumbai,-2.732
Mumbai,-3.595
Mumbai,4.404
Mumbai,6.597
Mumbai,5.423
Mumbai,4.574
Mumbai,8.217
Mumbai,4.767
Mumbai,-5.419
Mumbai,-6.705
Mumbai,2.96
Mumbai,5.837
Mumbai,5.994
Mumbai,7.65
Mumbai,9.042
Mumbai,9.382
Mumbai,4.404
Mumbai,5.423
Mumbai,6.369
Mumbai,3.612
Mumbai,4.767
Mumbai,5.994
Mumbai,-8.352
Mumbai,6.369
Mumbai,6.58
Mumbai,8.934
Mumbai,-0.516
Mumbai,6.124
Mumbai,-4.215
Mumbai,8.316
Mumbai,4.588
Mumbai,0.772
Mumbai,5.267
Mumbai,3.4
Mumbai,5.423
Mumbai,-6.9
Mumbai,-3.578
Mumbai,5.719
Mumbai,4.215
Mumbai,7.243
Mumbai,2.741
Mumbai,4.574
Mumbai,8.519
Mumbai,-5.09
Mumbai,-4.767
Mumbai,7.506
Mumbai,4.926
Mumbai,6.239
Mumbai,8.07
Mumbai,6.36
Mumbai,-3.182
Mumbai,2.732
Mumbai,5.859
Mumbai,5.994
Mumbai,7.163
Mumbai,9.186
Mumbai,7.269
Mumbai,2.235
Mumbai,6.884
Mumbai,5.859
Mumbai,4.215
Mumbai,3.553
Mumbai,8.126
Mumbai,8.268
Mumbai,-3.4
Mumbai,5.115
Mumbai,8.979
Mumbai,4.215
Mumbai,0.583
Mumbai,5.106
Mumbai,8.387
Mumbai,-3.182
Mumbai,7.603
Mumbai,3.971
Mumbai,8.57
Mumbai,8.083
Mumbai,8.72
Mumbai,7.482
Mumbai,5.423
Mumbai,4.404
Mumbai,3.382
Mumbai,3.4
Mumbai,5.423
Mumbai,3.4
Mumbai,8.271
Mumbai,3.382
Mumbai,-5.09
Mumbai,6.249
Mumbai,4.885
Mumbai,5.859
Mumbai,8.779
Mumbai,-4.199
Mumbai,3.089
Mumbai,3.875
Mumbai,6.486
Mumbai,4.019
Mumbai,7.096
Mumbai,6.858
Mumbai,5.829
Mumbai,7.345
Mumbai,6.249
Mumbai,5.859
Mumbai,7.506
Mumbai,7.964
Mumbai,5.859
Mumbai,5.719
Mumbai,7.269
Mumbai,-4.588
Mumbai,5.423
Mumbai,8.555
Mumbai,8.423
Mumbai,5.859
Mumbai,5.358
Mumbai,7.906
Mumbai,-5.106
Mumbai,2.263
Mumbai,5.255
Mumbai,8.158
Mumbai,1.007
Mumbai,3.054
Mumbai,3.612
Mumbai,-4.939
Mumbai,6.884
Mumbai,-4.767
Mumbai,5.673
Mumbai,-4.019
Mumbai,7.906
Mumbai,8.065
Mumbai,-5.106
Mumbai,8.479
Mumbai,3.071
Mumbai,-1.779
Mumbai,5.859
Mumbai,6.884
Mumbai,-0.772
Mumbai,-3.4
Mumbai,5.267
Mumbai,-4.939
Mumbai,5.267
Mumbai,5.574
Mumbai,6.696
Mumbai,0.772
Mumbai,-2.96
Mumbai,5.106
Mumbai,6.597
Mumbai,8.225
Mumbai,7.243
Mumbai,6.369
Mumbai,-0.772
Mumbai,5.994
Mumbai,3.612
Mumbai,5.719
Mumbai,4.588
Mumbai,-4.939
Mumbai,3.612
Mumbai,7.177
Mumbai,9.153
Mumbai,6.908
Mumbai,5.815
Mumbai,6.571
Mumbai,9.403
Mumbai,9.114
Mumbai,6.696
Mumbai,5.719
Mumbai,8.402
Mumbai,6.441
Mumbai,8.02
Mumbai,6.924
Mumbai,7.574
Mumbai,-3.089
Mumbai,9.114
Mumbai,1.511
Mumbai,5.859
Mumbai,-3.753
Mumbai,7.574
Mumbai,6.124
Mumbai,8.225
Mumbai,4.019
Mumbai,2.023
Mumbai,5.719
Mumbai,8.126
Mumbai,-7.096
Mumbai,4.389
Mumbai,7.906
Mumbai,5.707
Mumbai,5.859
Mumbai,3.12
Mumbai,6.705
Mumbai,-4.767
Mumbai,-3.612
Mumbai,4.588
Mumbai,-1.603
Mumbai,8.383
Mumbai,-0.772
Mumbai,6.739
Mumbai,-2.481
Mumbai,5.574
Mumbai,6.58
Mumbai,5.267
Mumbai,8.024
Mumbai,0.258
Mumbai,8.371
Mumbai,3.612
Mumbai,7.644
Mumbai,-4.019
Mumbai,2.263
Mumbai,6.369
Mumbai,-4.329
Mumbai,1.28
Mumbai,3.182
Mumbai,5.574
Mumbai,-2.584
Mumbai,8.687
Mumbai,5.994
Mumbai,4.215
Mumbai,-2.168
Mumbai,8.074
Mumbai,5.994
Mumbai,6.597
Mumbai,2.846
Mumbai,8.519
Mumbai,-0.772
Mumbai,8.519
Mumbai,9.153
Mumbai,0.772
Mumbai,5.719
Mumbai,5.267
Mumbai,4.215
Mumbai,7.003
Mumbai,0.258
Mumbai,5.562
Mumbai,0.772
Mumbai,3.612
Mumbai,2.732
Mumbai,6.696
Mumbai,2.263
Mumbai,4.019
Mumbai,5.719
Mumbai,-2.558
Mumbai,-7.184
Mumbai,5.508
Mumbai,-8.02
Mumbai,1.406
Mumbai,7.43
Mumbai,7.43
Mumbai,8.356
Mumbai,7.906
Mumbai,8.641
Mumbai,6.369
Mumbai,8.225
Mumbai,8.689
Mumbai,5.719
Mumbai,9.136
Mumbai,5.859
Mumbai,8.986
Mumbai,5.994
Mumbai,9.022
Mumbai,5.994
Mumbai,5.994
Mumbai,5.508
Mumbai,4.574
Mumbai,6.239
Mumbai,8.339
Mumbai,4.019
Mumbai,9.217
Mumbai,7.845
Mumbai,6.289
Mumbai,6.229
Mumbai,8.225
Mumbai,-5.719
Mumbai,9.522
Mumbai,0.516
Mumbai,5.719
Mumbai,8.353
Mumbai,9.442
Mumbai,5.994
Mumbai,2.023
Mumbai,5.719
Mumbai,1.531
Mumbai,8.465
Mumbai,7.506
Mumbai,0.258
Mumbai,7.964
Mumbai,5.994
Mumbai,6.103
Mumbai,5.399
Mumbai,6.369
Mumbai,3.412
Mumbai,5.574
Mumbai,0.258
Mumbai,7.943
Mumbai,5.848
Mumbai,5.574
Mumbai,8.388
Mumbai,8.047
Mumbai,5.859
Mumbai,5.994
Mumbai,0.772
Mumbai,6.249
Mumbai,8.465
Mumbai,-6.809
Mumbai,6.369
Mumbai,9.136
Mumbai,8.442
Mumbai,6.784
Mumbai,6.124
Mumbai,8.271
Mumbai,8.769
Mumbai,7.579
Mumbai,8.316
Mumbai,5.719
Mumbai,8.519
Mumbai,5.719
Mumbai,3.818
Mumbai,5.719
Mumbai,7.644
Mumbai,8.388
Mumbai,7.906
Mumbai,9.118
Mumbai,1.513
Mumbai,0.258
Mumbai,6.973
Mumbai,-5.267
Mumbai,5.267
Mumbai,8.713
Mumbai,7.65
Mumbai,6.908
Mumbai,6.58
Mumbai,5.399
Mumbai,5.053
Mumbai,-3.4
Mumbai,5.719
Mumbai,2.235
Mumbai,-3.802
Mumbai,9.36
Mumbai,7.65
Mumbai,4.404
Mumbai,8.516
Mumbai,5.267
Mumbai,8.074
Mumbai,9.077
Mumbai,6.239
Mumbai,5.994
Mumbai,8.176
Mumbai,1.406
Mumbai,5.719
Mumbai,8.176
Mumbai,6.239
Mumbai,8.074
Mumbai,-4.389
Mumbai,5.994
Mumbai,9.098
Mumbai,-3.802
Mumbai,-3.182
Mumbai,-0.129
Mumbai,6.239
Mumbai,9.161
Mumbai,3.999
Mumbai,8.271
Mumbai,6.633
Mumbai,2.96
Mumbai,-6.394
Mumbai,-4.767
Mumbai,2.732
Mumbai,6.369
Mumbai,7.691
Mumbai,2.714
Mumbai,5.859
Mumbai,8.658
Mumbai,5.267
Mumbai,4.469
Mumbai,9.313
Mumbai,5.994
Mumbai,-4.374
Mumbai,6.884
Mumbai,4.404
Mumbai,9.198
Mumbai,5.859
Mumbai,5.859
Mumbai,7.798
Mumbai,8.55
Mumbai,-2.244
Mumbai,-3.802
Mumbai,9.136
Mumbai,5.719
Mumbai,5.859
Mumbai,-5.411
Mumbai,3.182
Mumbai,9.428
Mumbai,5.994
Mumbai,8.074
Mumbai,6.209
Mumbai,5.267
Mumbai,4.767
Mumbai,0.258
Mumbai,-3.412
Mumbai,6.739
Mumbai,9.274
Mumbai,7.959
Mumbai,-4.588
Mumbai,3
Mumbai,6.808
Mumbai,5.267
Mumbai,-3.612
Mumbai,-8.225
Mumbai,5.719
Mumbai,8.225
Mumbai,6.924
Mumbai,4.215
Mumbai,6.126
Mumbai,1.28
Mumbai,3.182
Mumbai,6.114
Mumbai,-5.849
Mumbai,5.267
Mumbai,3.612
Mumbai,-6.486
Mumbai,8.955
Mumbai,4.503
Mumbai,7.365
Mumbai,8.225
Mumbai,5.053
Mumbai,4.404
Mumbai,8.313
Mumbai,8.306
Mumbai,5.994
Mumbai,8.126
Mumbai,-2.96
Mumbai,4.215
Mumbai,7.269
Mumbai,1.759
Mumbai,9.488
Mumbai,8.176
Mumbai,8.834
Mumbai,7.351
Mumbai,2.942
Mumbai,8.271
Mumbai,2.96
Mumbai,5.994
Mumbai,8.689
Mumbai,6.597
Mumbai,6.114
Mumbai,5.994
Mumbai,7.717
Mumbai,5.667
Mumbai,9.349
Mumbai,8.388
Mumbai,6.696
Mumbai,5.267
Mumbai,-4.939
Mumbai,6.884
Mumbai,-4.767
Mumbai,5.267
Mumbai,5.535
Mumbai,8.834
Mumbai,4.738
Mumbai,5.562
Mumbai,-2.462
Mumbai,4.215
Mumbai,9.02
Mumbai,8.388
Mumbai,5.719
Mumbai,8.074
Mumbai,9.157
Mumbai,-5.991
Mumbai,5.994
Mumbai,5.562
Mumbai,7.906
Mumbai,6.588
Mumbai,3.612
Mumbai,5.859
Mumbai,8.779
Mumbai,2.411
Mumbai,5.994
Mumbai,8.748
Mumbai,5.267
Mumbai,7.43
Mumbai,-5.574
Mumbai,9.243
Mumbai,5.994
Mumbai,-6.449
Mumbai,8.316
Mumbai,6.249
Mumbai,1.508
Mumbai,5.719
Mumbai,5.994
Mumbai,4.588
Mumbai,7.783
Mumbai,8.02
Mumbai,6.72
Mumbai,7.184
Mumbai,7.269
Mumbai,5.719
Mumbai,6.103
Mumbai,6.361
Mumbai,7.579
Mumbai,8.779
Mumbai,-5.386
Mumbai,-5.216
Mumbai,-0.909
Mumbai,8.225
Mumbai,9.448
Mumbai,5.994
Mumbai,5.859
Mumbai,6.908
Mumbai,5.719
Mumbai,7.118
Mumbai,5.806
Mumbai,6.776
Mumbai,4.404
Mumbai,7.43
Mumbai,9.059
Mumbai,6.289
Mumbai,4.767
Mumbai,8.074
Mumbai,8.516
Mumbai,2.444
Mumbai,6.124
Mumbai,8.316
Mumbai,6.289
Mumbai,8.344
Mumbai,9.246
Mumbai,8.002
Mumbai,6.58
Mumbai,7.894
Mumbai,0.258
Mumbai,8.619
Mumbai,8.074
Mumbai,8.402
Mumbai,5.423
Mumbai,4.767
Mumbai,8.074
Mumbai,0.165
Mumbai,3.612
Mumbai,6.776
Mumbai,5.242
Mumbai,8.225
Mumbai,9.022
Mumbai,3.818
Mumbai,6.696
Mumbai,5.719
Mumbai,3.182
Mumbai,5.267
Mumbai,5.562
Mumbai,5.994
Mumbai,6.908
Mumbai,5.562
Mumbai,4.019
Mumbai,7.43
Mumbai,5.719
Mumbai,8.468
Mumbai,7.096
Mumbai,6.815
Mumbai,-6.597
Mumbai,8.074
Mumbai,7.5
Mumbai,4.404
Mumbai,6.633
Mumbai,8.353
Mumbai,6.351
Mumbai,6.784
Mumbai,2.5
Mumbai,5.719
Mumbai,6.597
Mumbai,5.719
Mumbai,6.416
Mumbai,5.719
Mumbai,9.348
Mumbai,8.074
Mumbai,3.182
Mumbai,6.114
Mumbai,-4.939
Mumbai,5.951
Mumbai,2.023
Mumbai,6.833
Mumbai,8.625
Mumbai,-5.859
Mumbai,8.02
Mumbai,7.184
Mumbai,5.994
Mumbai,8.074
Mumbai,6.58
Mumbai,5.719
Mumbai,8.126
Mumbai,5.267
Mumbai,8.074
Mumbai,5.994
Mumbai,4.019
Mumbai,6.209
Mumbai,5.106
Mumbai,-4.314
Mumbai,8.225
Mumbai,9.661
Mumbai,6.486
Mumbai,5.983
Mumbai,-1.045
Mumbai,1.531
Mumbai,7.964
Mumbai,8.481
Mumbai,5.423
Mumbai,9.169
Mumbai,-8.591
Mumbai,9.042
Mumbai,3.818
Mumbai,7.096
Mumbai,9.446
Mumbai,-5.719
Mumbai,8.074
Mumbai,5.859
Mumbai,9.062
Mumbai,7.506
Mumbai,8.225
Mumbai,9.037
Mumbai,6.705
Mumbai,6.571
Mumbai,4.767
Mumbai,6.369
Mumbai,5.994
Mumbai,-4.939
Mumbai,8.658
Mumbai,6.369
Mumbai,8.353
Mumbai,-3.182
Mumbai,8.074
Mumbai,8.481
Mumbai,5.707
Mumbai,7.964
Mumbai,8.402
Mumbai,5.859
Mumbai,8.074
Mumbai,5.859
Mumbai,5.994
Mumbai,9.349
Mumbai,4.404
Mumbai,7.506
Mumbai,5.719
Mumbai,6.705
Mumbai,2.732
Mumbai,4.588
Mumbai,3.4
Mumbai,8.316
Mumbai,5.719
Mumbai,7.964
Mumbai,6.239
Mumbai,5.719
Mumbai,4.588
Mumbai,9.607
Mumbai,2.023
Mumbai,5.267
Mumbai,8.07
Mumbai,5.859
Mumbai,6.841
Mumbai,5.994
Mumbai,8.957
Mumbai,5.994
Mumbai,-6.908
Mumbai,7.906
Mumbai,6.688
Mumbai,7.227
Mumbai,5.719
Mumbai,8.957
Mumbai,8.07
Mumbai,-3.724
Mumbai,6.705
Mumbai,2.023
Mumbai,6.597
Mumbai,6.571
Mumbai,5.859
Mumbai,9.062
Mumbai,5.719
Mumbai,-7.003
Mumbai,6.739
Mumbai,1.007
Mumbai,-6.697
Mumbai,8.074
Mumbai,7.43
Mumbai,7.506
Mumbai,5.574
Mumbai,5.267
Mumbai,8.424
Mumbai,-2.263
Mumbai,3.4
Mumbai,8.519
Mumbai,5.267
Mumbai,8.832
Mumbai,4.939
Mumbai,6.369
Mumbai,7.65
Mumbai,7.227
Mumbai,5.719
Mumbai,8.126
Mumbai,3.612
Mumbai,5.106
Mumbai,9.153
Mumbai,-6.249
Mumbai,6.361
Mumbai,8.555
Mumbai,8.885
Mumbai,5.994
Mumbai,5.267
Mumbai,5.859
Mumbai,5.859
Mumbai,6.696
Mumbai,7.783
Mumbai,3.612
Mumbai,4.738
Mumbai,9.1
Mumbai,6.696
Mumbai,-4.215
Mumbai,5.859
Mumbai,2.96
Mumbai,3.4
Mumbai,7.269
Mumbai,9.042
Mumbai,7.003
Mumbai,5.994
Mumbai,5.994
Mumbai,5.994
Mumbai,8.422
Mumbai,-3.182
Mumbai,5.994
Mumbai,3.818
Mumbai,7.351
Mumbai,4.404
Mumbai,6.841
Mumbai,4.574
Mumbai,2.96
Mumbai,6.696
Mumbai,-7.351
Mumbai,5.859
Mumbai,-0.772
Mumbai,8.93
Mumbai,8.834
Mumbai,9.217
Mumbai,9.348
Mumbai,9.442
Mumbai,5.859
Mumbai,9.46
Mumbai,9.15
Mumbai,5.994
Mumbai,4.404
Mumbai,8.464
Mumbai,-0.572
Mumbai,8.834
Mumbai,5.719
Mumbai,7.65
Mumbai,8.823
Mumbai,8.126
Mumbai,5.719
Mumbai,-8.126
Mumbai,5.994
Mumbai,6.249
Mumbai,5.994
Mumbai,7.783
Mumbai,5.719
Mumbai,8.316
Mumbai,5.994
Mumbai,4.019
Mumbai,-0.772
Mumbai,8.881
Mumbai,5.859
Mumbai,9.274
Mumbai,5.719
Mumbai,-0.258
Mumbai,5.859
Mumbai,8.829
Mumbai,7.088
Mumbai,5.719
Mumbai,6.36
Mumbai,9.403
Mumbai,8.398
Mumbai,-4.767
Mumbai,5.719
Mumbai,-0.762
Mumbai,9.501
Mumbai,6.36
Mumbai,8.462
Mumbai,8.779
Mumbai,6.697
Mumbai,6.458
Mumbai,-7.269
Mumbai,-0.762
Mumbai,9.333
Mumbai,7.351
Mumbai,6.369
Mumbai,6.688
Mumbai,6.239
Mumbai,9.042
Mumbai,5.859
Mumbai,-5.574
Mumbai,6.44
Mumbai,7.243
Mumbai,2.5
Mumbai,8.316
Mumbai,8.829
Mumbai,5.994
Mumbai,-3.612
Mumbai,3.4
Mumbai,7.964
Mumbai,8.36
Mumbai,5.719
Mumbai,3.182
Mumbai,0.516
Mumbai,5.106
Mumbai,9.15
Mumbai,3.612
Mumbai,-1.531
Mumbai,3.612
Mumbai,7.43
Mumbai,6.239
Mumbai,8.074
Mumbai,5.859
Mumbai,-2.96
Mumbai,9.201
Mumbai,6.369
Mumbai,5.719
Mumbai,9.098
Mumbai,6.36
Mumbai,8.388
Mumbai,9.239
Mumbai,5.994
Mumbai,8.074
Mumbai,5.267
Mumbai,4.404
Mumbai,8.074
Mumbai,4.215
Mumbai,-2.732
Mumbai,5.719
Mumbai,8.271
Mumbai,7.65
Mumbai,6.369
Mumbai,5.859
Mumbai,6.597
Mumbai,8.55
Mumbai,7.351
Mumbai,5.574
Mumbai,7.482
Mumbai,5.423
Mumbai,7.43
Mumbai,8.402
Mumbai,3.4
Mumbai,4.404
Mumbai,5.719
Mumbai,-7.239
Mumbai,6.096
Mumbai,8.271
Mumbai,-2.96
Mumbai,7.783
Mumbai,8.221
Mumbai,5.994
Mumbai,8.271
Mumbai,9.47
Mumbai,5.859
Mumbai,8.55
Mumbai,7.506
Mumbai,-3.802
Mumbai,0.258
Mumbai,9.36
Mumbai,5.574
Mumbai,6.696
Mumbai,5.859
Mumbai,5.994
Mumbai,9.442
Mumbai,5.994
Mumbai,7.717
Mumbai,-7.562
Mumbai,7.243
Mumbai,8.217
Mumbai,-1.01
Mumbai,0.258
Mumbai,8.689
Mumbai,8.342
Mumbai,-5.719
Mumbai,4.545
Mumbai,5.994
Mumbai,7.469
Mumbai,3.182
Mumbai,6.36
Mumbai,6.36
Mumbai,5.267
Mumbai,8.176
Mumbai,5.859
Mumbai,5.526
Mumbai,5.994
Mumbai,7.125
Mumbai,5.859
Mumbai,6.476
Mumbai,5.951
Mumbai,4.019
Mumbai,2.023
Mumbai,9.201
Mumbai,8.074
Mumbai,5.267
Mumbai,5.994
Mumbai,9.059
Mumbai,5.994
Mumbai,9.168
Mumbai,7.701
Mumbai,5.994
Mumbai,3.971
Mumbai,4.201
Mumbai,5.994
Mumbai,-4.215
Mumbai,-4.023
Mumbai,9.136
Mumbai,3.818
Mumbai,7.798
Mumbai,9.392
Mumbai,1.69
Mumbai,-4.023
Mumbai,7.633
Mumbai,8.513
Mumbai,9.501
Mumbai,8.728
Mumbai,9.08
Mumbai,8.519
Mumbai,2.732
Mumbai,6.36
Mumbai,8.834
Mumbai,3.919
Mumbai,4.939
Mumbai,5.106
Mumbai,8.779
Mumbai,6.739
Mumbai,4.588
Mumbai,6.688
Mumbai,6.531
Mumbai,-3.182
Mumbai,7.65
Mumbai,9.133
Mumbai,1.531
Mumbai,8.603
Mumbai,9.022
Mumbai,9.022
Mumbai,7.351
Mumbai,3.182
Mumbai,7.269
Mumbai,9.022
Mumbai,9.022
Mumbai,3.182
Mumbai,-4.939
Mumbai,8.357
Mumbai,7.003
Mumbai,5.859
Mumbai,9.358
Mumbai,3.4
Mumbai,5.719
Mumbai,9.319
Mumbai,7.003
Mumbai,4.885
Mumbai,8.268
Mumbai,5.719
Mumbai,5.267
Mumbai,5.267
Mumbai,-6.348
Mumbai,4.168
Mumbai,5.994
Mumbai,8.36
Mumbai,8.481
Mumbai,9.296
Mumbai,6.705
Mumbai,2.732
Mumbai,5.859
Mumbai,-5.267
Mumbai,7.243
Mumbai,5.994
Mumbai,-1.28
Mumbai,5.165
Mumbai,6.988
Mumbai,5.719
Mumbai,5.719
Mumbai,5.719
Mumbai,8.36
Mumbai,0.772
Mumbai,6.8
Mumbai,9.015
Mumbai,6.369
Mumbai,5.719
Mumbai,-0.516
Mumbai,2.023
Mumbai,6.369
Mumbai,7.717
Mumbai,7.184
Mumbai,5.994
Mumbai,8.658
Mumbai,5.869
Mumbai,8.316
Mumbai,6.249
Mumbai,2.5
Mumbai,6.114
Mumbai,8.074
Mumbai,-4.939
Mumbai,8.997
Mumbai,5.267
Mumbai,9.042
Mumbai,5.719
Mumbai,-5.106
Mumbai,2.96
Mumbai,-1.406
Mumbai,4.019
Mumbai,-4.939
Mumbai,1.779
Mumbai,5.267
Mumbai,4.404
Mumbai,6.688
Mumbai,9.022
Mumbai,6.239
Mumbai,2.023
Mumbai,6.249
Mumbai,6.981
Mumbai,9.379
Mumbai,4.404
Mumbai,2.716
Mumbai,5.859
Mumbai,8.388
Mumbai,2.732
Mumbai,3.612
Mumbai,7.184
Mumbai,8.591
Mumbai,5.413
Mumbai,6.597
Mumbai,3.818
Mumbai,5.994
Mumbai,5.859
Mumbai,4.588
Mumbai,3.182
Mumbai,-2.96
Mumbai,2.593
Mumbai,-7.096
Mumbai,8.579
Mumbai,8.36
Mumbai,5.106
Mumbai,-7.096
Mumbai,5.719
Mumbai,4.019
Mumbai,6.369
Mumbai,9.059
Mumbai,-3.818
Mumbai,9.552
Mumbai,5.719
Mumbai,-0.772
Mumbai,5.859
Mumbai,6.077
Mumbai,5.267
Mumbai,8.555
Mumbai,8.172
Mumbai,3.802
Mumbai,8.066
Mumbai,-4.767
Mumbai,8.074
Mumbai,6.124
Mumbai,4.019
Mumbai,6.369
Mumbai,3.4
Mumbai,5.994
Mumbai,7.783
Mumbai,2.023
Mumbai,1.531
Mumbai,-2.96
Mumbai,-6.956
Mumbai,-4.939
Mumbai,5.719
Mumbai,4.588
Mumbai,5.859
Mumbai,6.369
Mumbai,6.841
Mumbai,-4.168
Mumbai,2.382
Mumbai,9.517
Mumbai,5.994
Mumbai,4.019
Mumbai,5.719
Mumbai,-7.184
Mumbai,6.841
Mumbai,5.423
Mumbai,6.705
Mumbai,7.269
Mumbai,7.003
Mumbai,8.176
Mumbai,9.26
Mumbai,9.296
Mumbai,3.4
Mumbai,6.467
Mumbai,-2.057
Mumbai,5.267
Mumbai,5.423
Mumbai,3.4
Mumbai,7.351
Mumbai,8.774
Mumbai,7.249
Mumbai,8.779
Mumbai,5.423
Mumbai,2.714
Mumbai,8.807
Mumbai,6.486
Mumbai,8.741
Mumbai,7.037
Mumbai,9.337
Mumbai,7.402
Mumbai,-1.28
Mumbai,-2.263
Mumbai,8.75
Mumbai,4.432
Mumbai,6.36
Mumbai,8.625
Mumbai,4.588
Mumbai,8.658
Mumbai,6.124
Mumbai,5.994
Mumbai,5.574
Mumbai,7.096
Mumbai,8.118
Mumbai,5.719
Mumbai,8.02
Mumbai,3.182
Mumbai,8.807
Mumbai,8.065
Mumbai,3.182
Mumbai,7.192
Mumbai,3.182
Mumbai,3.4
Mumbai,8.07
Mumbai,4.019
Mumbai,-1.511
Mumbai,1.69
Mumbai,8.481
Mumbai,-4.201
Mumbai,6.841
Mumbai,5.707
Mumbai,-2.584
Mumbai,6.645
Mumbai,6.36
Mumbai,8.008
Mumbai,5.423
Mumbai,9.217
Mumbai,3.4
Mumbai,7.385
Mumbai,8.602
Mumbai,2.96
Mumbai,2.964
Mumbai,1.759
Mumbai,8.655
Mumbai,6.688
Mumbai,8.225
Mumbai,5.719
Mumbai,5.719
Mumbai,1.779
Mumbai,7.418
Mumbai,-1.531
Mumbai,4.215
Mumbai,0.772
Mumbai,6.705
Mumbai,5.859
Mumbai,5.267
Mumbai,4.003
Mumbai,3.384
Mumbai,4.019
Mumbai,7.506
Hyderabad,8.072
Hyderabad,-3.164
Hyderabad,1.027
Hyderabad,6.249
Hyderabad,6.808
Hyderabad,0.258
Hyderabad,2.023
Hyderabad,5.994
Hyderabad,1.263
Hyderabad,3.612
Hyderabad,-4.588
Hyderabad,3.382
Hyderabad,5.859
Hyderabad,-7.236
Hyderabad,2.732
Hyderabad,5.859
Hyderabad,5.859
Hyderabad,7.955
Hyderabad,5.399
Hyderabad,-3.4
Hyderabad,3.382
Hyderabad,7.783
Hyderabad,7.783
Hyderabad,5.719
Hyderabad,-4.404
Hyderabad,5.093
Hyderabad,3.802
Hyderabad,6.239
Hyderabad,1.695
Hyderabad,3.089
Hyderabad,8.86
Hyderabad,-1.027
Hyderabad,-2.263
Hyderabad,-3.4
Hyderabad,4.912
Hyderabad,9.67
Hyderabad,7.43
Hyderabad,-4.939
Hyderabad,3.612
Hyderabad,6.369
Hyderabad,-1.511
Hyderabad,5.994
Hyderabad,4.005
Hyderabad,5.574
Hyderabad,4.215
Hyderabad,3.182
Hyderabad,6.369
Hyderabad,8.696
Hyderabad,6.588
Hyderabad,-2.732
Hyderabad,-0.772
Hyderabad,3.804
Hyderabad,-4.019
Hyderabad,4.019
Hyderabad,4.019
Hyderabad,4.404
Hyderabad,3.182
Hyderabad,5.859
Hyderabad,8.126
Hyderabad,-4.404
Hyderabad,6.8
Hyderabad,3.612
Hyderabad,-4.404
Hyderabad,7.603
Hyderabad,5.267
Hyderabad,4.926
Hyderabad,4.019
Hyderabad,4.939
Hyderabad,2.96
Hyderabad,-4.118
Hyderabad,7.096
Hyderabad,6.884
Hyderabad,-5.743
Hyderabad,8.147
Hyderabad,6.87
Hyderabad,-8.687
Hyderabad,8.647
Hyderabad,4.215
Hyderabad,4.019
Hyderabad,-4.767
Hyderabad,4.767
Hyderabad,6.249
Hyderabad,5.106
Hyderabad,5.859
Hyderabad,4.404
Hyderabad,-4.588
Hyderabad,4.019
Hyderabad,2.96
Hyderabad,-4.404
Hyderabad,7.964
Hyderabad,2.023
Hyderabad,3.612
Hyderabad,2.714
Hyderabad,8.36
Hyderabad,2.732
Hyderabad,-1.28
Hyderabad,2.382
Hyderabad,4.404
Hyderabad,5.719
Hyderabad,4.019
Hyderabad,4.754
Hyderabad,-2.263
Hyderabad,-3.612
Hyderabad,-0.772
Hyderabad,5.719
Hyderabad,8.217
Hyderabad,-2.425
Hyderabad,9.246
Hyderabad,5.562
Hyderabad,4.404
Hyderabad,4.926
Hyderabad,7.111
Hyderabad,2.023
Hyderabad,7.351
Hyderabad,5.719
Hyderabad,4.404
Hyderabad,-1.26
Hyderabad,6.597
Hyderabad,9.274
Hyderabad,2.5
Hyderabad,5.423
Hyderabad,5.859
Hyderabad,2.023
Hyderabad,8.818
Hyderabad,-5.216
Hyderabad,9.542
Hyderabad,4.927
Hyderabad,-5.994
Hyderabad,9.323
Hyderabad,3.612
Hyderabad,5.423
Hyderabad,6.597
Hyderabad,5.859
Hyderabad,-3.8
Hyderabad,-2.96
Hyderabad,-3.182
Hyderabad,8.516
Hyderabad,6.369
Hyderabad,4.019
Hyderabad,9.098
Hyderabad,6.597
Hyderabad,1.779
Hyderabad,3.045
Hyderabad,1.007
Hyderabad,9.098
Hyderabad,-2.5
Hyderabad,3.612
Hyderabad,8.402
Hyderabad,5.267
Hyderabad,9.1
Hyderabad,-8.513
Hyderabad,6.689
Hyderabad,4.404
Hyderabad,5.994
Hyderabad,9.403
Hyderabad,9.136
Hyderabad,5.719
Hyderabad,0.258
Hyderabad,7.494
Hyderabad,4.019
Hyderabad,4.215
Hyderabad,9.201
Hyderabad,7.405
Hyderabad,5.423
Hyderabad,5.106
Hyderabad,7.845
Hyderabad,8.996
Hyderabad,-2.382
Hyderabad,0.258
Hyderabad,9.1
Hyderabad,9.201
Hyderabad,2.96
Hyderabad,2.263
Hyderabad,3.4
Hyderabad,9.153
Hyderabad,4.912
Hyderabad,-2.5
Hyderabad,-2.057
Hyderabad,8.126
Hyderabad,6.289
Hyderabad,6.908
Hyderabad,5.719
Hyderabad,9.215
Hyderabad,8.126
Hyderabad,9.38
Hyderabad,8.415
Hyderabad,5.267
Hyderabad,3.147
Hyderabad,6.808
Hyderabad,5.267
Hyderabad,6.124
Hyderabad,-2.023
Hyderabad,4.199
Hyderabad,5.994
Hyderabad,5.267
Hyderabad,4.574
Hyderabad,7.896
Hyderabad,3.818
Hyderabad,9.442
Hyderabad,5.106
Hyderabad,7.081
Hyderabad,5.267
Hyderabad,5.267
Hyderabad,5.719
Hyderabad,3.4
Hyderabad,5.848
Hyderabad,-4.588
Hyderabad,5.574
Hyderabad,5.707
Hyderabad,9.661
Hyderabad,5.423
Hyderabad,5.267
Hyderabad,4.767
Hyderabad,5.994
Hyderabad,6.369
Hyderabad,7.845
Hyderabad,5.719
Hyderabad,5.267
Hyderabad,6.074
Hyderabad,5.267
Hyderabad,8.271
Hyderabad,8.769
Hyderabad,8.316
Hyderabad,-4.939
Hyderabad,7.365
Hyderabad,8.353
Hyderabad,6.808
Hyderabad,8.575
Hyderabad,-4.404
Hyderabad,8.26
Hyderabad,6.792
Hyderabad,9.514
Hyderabad,5.106
Hyderabad,6.114
Hyderabad,8.91
Hyderabad,4.767
Hyderabad,6.239
Hyderabad,8.126
Hyderabad,7.351
Hyderabad,5.423
Hyderabad,8.002
Hyderabad,5.719
Hyderabad,8.619
Hyderabad,9.428
Hyderabad,2.677
Hyderabad,5.423
Hyderabad,7.5
Hyderabad,5.267
Hyderabad,2.96
Hyderabad,4.019
Hyderabad,8.519
Hyderabad,8.126
Hyderabad,5.859
Hyderabad,-3.818
Hyderabad,7.184
Hyderabad,6.696
Hyderabad,8.353
Hyderabad,7.964
Hyderabad,8.074
Hyderabad,9.201
Hyderabad,-4.215
Hyderabad,8.126
Hyderabad,7.096
Hyderabad,-4.767
Hyderabad,9.136
Hyderabad,8.718
Hyderabad,5.994
Hyderabad,6.449
Hyderabad,8.074
Hyderabad,4.767
Hyderabad,6.249
Hyderabad,8.074
Hyderabad,5.719
Hyderabad,-3.412
Hyderabad,5.267
Hyderabad,6.458
Hyderabad,-1.154
Hyderabad,5.719
Hyderabad,4.404
Hyderabad,8.388
Hyderabad,8.588
Hyderabad,5.267
Hyderabad,6.688
Hyderabad,7.579
Hyderabad,7.269
Hyderabad,7.579
Hyderabad,5.267
Hyderabad,5.994
Hyderabad,5.267
Hyderabad,9.287
Hyderabad,7.65
Hyderabad,4.767
Hyderabad,5.994
Hyderabad,9.451
Hyderabad,7.783
Hyderabad,-2.96
Hyderabad,8.126
Hyderabad,7.43
Hyderabad,5.859
Hyderabad,5.267
Hyderabad,-1.531
Hyderabad,5.859
Hyderabad,5.994
Hyderabad,4.574
Hyderabad,7.096
Hyderabad,8.748
Hyderabad,6.369
Hyderabad,8.934
Hyderabad,8.748
Hyderabad,6.591
Hyderabad,7.096
Hyderabad,9.319
Hyderabad,5.719
Hyderabad,-7.506
Hyderabad,9.448
Hyderabad,8.042
Hyderabad,0.165
Hyderabad,6.289
Hyderabad,6.776
Hyderabad,6.799
Hyderabad,-2.732
Hyderabad,9.468
Hyderabad,7.351
Hyderabad,5.859
Hyderabad,5.859
Hyderabad,8.625
Hyderabad,-0.516
Hyderabad,8.422
Hyderabad,3.182
Hyderabad,-3.4
Hyderabad,4.716
Hyderabad,9.514
Hyderabad,7.713
Hyderabad,9.348
Hyderabad,8.225
Hyderabad,5.267
Hyderabad,5.267
Hyderabad,4.588
Hyderabad,6.229
Hyderabad,5.994
Hyderabad,8.126
Hyderabad,6.996
Hyderabad,3.612
Hyderabad,6.31
Hyderabad,3.818
Hyderabad,6.369
Hyderabad,-4.404
Hyderabad,5.994
Hyderabad,9.136
Hyderabad,9.153
Hyderabad,5.267
Hyderabad,9.594
Hyderabad,5.984
Hyderabad,2.732
Hyderabad,7.345
Hyderabad,8.885
Hyderabad,9.349
Hyderabad,-5.574
Hyderabad,9.022
Hyderabad,7.125
Hyderabad,3.182
Hyderabad,0.258
Hyderabad,8.225
Hyderabad,2.96
Hyderabad,8.689
Hyderabad,8.402
Hyderabad,7.84
Hyderabad,8.641
Hyderabad,2.732
Hyderabad,8.513
Hyderabad,4.215
Hyderabad,-1.759
Hyderabad,6.086
Hyderabad,-4.374
Hyderabad,5.719
Hyderabad,-4.767
Hyderabad,8.176
Hyderabad,9.925
Hyderabad,5.994
Hyderabad,-6.249
Hyderabad,3.612
Hyderabad,6.103
Hyderabad,7.579
Hyderabad,2.263
Hyderabad,5.267
Hyderabad,8.481
Hyderabad,8.306
Hyderabad,8.074
Hyderabad,2.665
Hyderabad,5.267
Hyderabad,-2.942
Hyderabad,-4.767
Hyderabad,8.402
Hyderabad,5.859
Hyderabad,3.4
Hyderabad,5.719
Hyderabad,9.514
Hyderabad,5.267
Hyderabad,4.588
Hyderabad,5.859
Hyderabad,5.994
Hyderabad,7.783
Hyderabad,7.483
Hyderabad,8.225
Hyderabad,8.943
Hyderabad,8.777
Hyderabad,7.43
Hyderabad,8.398
Hyderabad,7.845
Hyderabad,8.807
Hyderabad,5.267
Hyderabad,5.574
Hyderabad,5.994
Hyderabad,7.624
Hyderabad,5.994
Hyderabad,8.556
Hyderabad,5.267
Hyderabad,-0.772
Hyderabad,6.841
Hyderabad,5.267
Hyderabad,-5.419
Hyderabad,0.516
Hyderabad,4.215
Hyderabad,9.313
Hyderabad,8.862
Hyderabad,8.832
Hyderabad,5.719
Hyderabad,5.994
Hyderabad,5.859
Hyderabad,5.267
Hyderabad,8.356
Hyderabad,2.263
Hyderabad,8.02
Hyderabad,8.126
Hyderabad,6.696
Hyderabad,6.688
Hyderabad,8.55
Hyderabad,6.369
Hyderabad,7.964
Hyderabad,7.156
Hyderabad,-5.267
Hyderabad,-2.676
Hyderabad,-0.772
Hyderabad,2.023
Hyderabad,-4.588
Hyderabad,5.994
Hyderabad,2.96
Hyderabad,7.964
Hyderabad,5.267
Hyderabad,8.07
Hyderabad,7.125
Hyderabad,-8.225
Hyderabad,7.506
Hyderabad,9.117
Hyderabad,-4.767
Hyderabad,-4.939
Hyderabad,9.001
Hyderabad,9.501
Hyderabad,9.136
Hyderabad,8.585
Hyderabad,5.859
Hyderabad,-3.4
Hyderabad,1.531
Hyderabad,8.625
Hyderabad,8.519
Hyderabad,4.588
Hyderabad,5.719
Hyderabad,9.413
Hyderabad,-5.423
Hyderabad,5.859
Hyderabad,5.859
Hyderabad,8.807
Hyderabad,8.316
Hyderabad,8.388
Hyderabad,6.249
Hyderabad,0.869
Hyderabad,9.413
Hyderabad,-4.191
Hyderabad,4.019
Hyderabad,5.994
Hyderabad,8.625
Hyderabad,2.96
Hyderabad,-4.168
Hyderabad,5.994
Hyderabad,6.674
Hyderabad,8.36
Hyderabad,8.074
Hyderabad,3.919
Hyderabad,8.439
Hyderabad,5.267
Hyderabad,3.182
Hyderabad,8.689
Hyderabad,0.258
Hyderabad,8.581
Hyderabad,1.69
Hyderabad,7.703
Hyderabad,8.603
Hyderabad,3.607
Hyderabad,5.574
Hyderabad,8.074
Hyderabad,1.69
Hyderabad,1.027
Hyderabad,5.859
Hyderabad,-6.348
Hyderabad,5.267
Hyderabad,6.369
Hyderabad,8.591
Hyderabad,-0.516
Hyderabad,-3.535
Hyderabad,7.717
Hyderabad,-2.617
Hyderabad,-3.595
Hyderabad,7.65
Hyderabad,8.481
Hyderabad,8.126
Hyderabad,-4.926
Hyderabad,8.225
Hyderabad,5.574
Hyderabad,8.16
Hyderabad,6.867
Hyderabad,6.597
Hyderabad,-6.249
Hyderabad,2.732
Hyderabad,5.951
Hyderabad,6.289
Hyderabad,1.531
Hyderabad,5.719
Hyderabad,8.271
Hyderabad,5.859
Hyderabad,5.553
Hyderabad,5.719
Hyderabad,5.54
Hyderabad,8.774
Hyderabad,-5.719
Hyderabad,4.588
Hyderabad,8.126
Hyderabad,4.912
Hyderabad,8.047
Hyderabad,4.976
Hyderabad,8.494
Hyderabad,6.124
Hyderabad,7.783
Hyderabad,-1.779
Hyderabad,9.217
Hyderabad,6.114
Hyderabad,8.427
Hyderabad,8.621
Hyderabad,4.019
Hyderabad,8.555
Hyderabad,9.022
Hyderabad,9.501
Hyderabad,8.979
Hyderabad,5.859
Hyderabad,9.097
Hyderabad,6.705
Hyderabad,2.5
Hyderabad,5.267
Hyderabad,-6.956
Hyderabad,5.267
Hyderabad,8.271
Hyderabad,8.555
Hyderabad,8.271
Hyderabad,8.271
Hyderabad,6.876
Hyderabad,4.019
Hyderabad,9.081
Hyderabad,5.719
Hyderabad,7.891
Hyderabad,-7.574
Hyderabad,3.612
Hyderabad,3.612
Hyderabad,2.023
Hyderabad,6.077
Hyderabad,-2.96
Hyderabad,8.36
Hyderabad,9.075
Hyderabad,4.404
Hyderabad,-3.818
Hyderabad,5.994
Hyderabad,6.597
Hyderabad,7.783
Hyderabad,6.597
Hyderabad,-1.28
Hyderabad,6.633
Hyderabad,8.074
Hyderabad,8.126
Hyderabad,6.249
Hyderabad,9.042
Hyderabad,5.859
Hyderabad,-6.171
Hyderabad,8.934
Hyderabad,3.612
Hyderabad,5.08
Hyderabad,9.153
Hyderabad,9.296
Hyderabad,5.08
Hyderabad,8.439
Hyderabad,-4.374
Hyderabad,8.118
Hyderabad,6.908
Hyderabad,5.719
Hyderabad,6.36
Hyderabad,8.271
Hyderabad,8.126
Hyderabad,8.271
Hyderabad,7.845
Hyderabad,4.019
Hyderabad,4.912
Hyderabad,5.267
Hyderabad,3.182
Hyderabad,4.215
Hyderabad,4.767
Hyderabad,6.433
Hyderabad,2.023
Hyderabad,7.074
Hyderabad,4.019
Hyderabad,8.858
Hyderabad,-2.878
Hyderabad,6.467
Hyderabad,8.36
Hyderabad,7.783
Hyderabad,7.906
Hyderabad,-3.4
Hyderabad,4.574
Hyderabad,7.096
Hyderabad,5.574
Hyderabad,8.074
Hyderabad,8.074
Hyderabad,7.845
Hyderabad,3.235
Hyderabad,8.655
Hyderabad,2.732
Hyderabad,4.753
Hyderabad,3.612
Bangalore,-2.714
Bangalore,6.166
Bangalore,7.717
Bangalore,5.255
Bangalore,7.269
Bangalore,-3.612
Bangalore,5.255
Bangalore,4.404
Bangalore,9.445
Bangalore,6.36
Bangalore,5.859
Bangalore,-5.743
Bangalore,5.719
Bangalore,-3.818
Bangalore,5.719
Bangalore,6.124
Bangalore,0.516
Bangalore,7.964
Bangalore,7.964
Bangalore,-3.818
Bangalore,4.389
Bangalore,-3.612
Bangalore,5.859
Bangalore,-0.516
Bangalore,2.023
Bangalore,-1.511
Bangalore,-3.4
Bangalore,-4.404
Bangalore,8.555
Bangalore,4.574
Bangalore,-5.707
Bangalore,3.612
Bangalore,3.612
Bangalore,4.574
Bangalore,-0.258
Bangalore,5.859
Bangalore,2.023
Bangalore,9.382
Bangalore,2.023
Bangalore,4.588
Bangalore,-5.267
Bangalore,1.28
Bangalore,-6.288
Bangalore,-3.851
Bangalore,4.404
Bangalore,5.859
Bangalore,-1.513
Bangalore,-6.288
Bangalore,-5.106
Bangalore,6.688
Bangalore,4.588
Bangalore,4.404
Bangalore,1.779
Bangalore,-1.531
Bangalore,2.225
Bangalore,7.84
Bangalore,5.859
Bangalore,6.739
Bangalore,7.269
Bangalore,2.732
Bangalore,3.4
Bangalore,3.321
Bangalore,3.506
Bangalore,5.106
Bangalore,5.859
Bangalore,4.389
Bangalore,8.57
Bangalore,4.404
Bangalore,-5.216
Bangalore,7.964
Bangalore,5.29
Bangalore,-1.28
Bangalore,6.114
Bangalore,1.68
Bangalore,7.141
Bangalore,6.124
Bangalore,5.423
Bangalore,5.562
Bangalore,7.269
Bangalore,1.007
Bangalore,4.404
Bangalore,2.732
Bangalore,4.404
Bangalore,-4.153
Bangalore,5.719
Bangalore,5.994
Bangalore,3.612
Bangalore,-2.411
Bangalore,-2.732
Bangalore,8.176
Bangalore,9.098
Bangalore,5.411
Bangalore,8.689
Bangalore,8.392
Bangalore,-5.216
Bangalore,5.859
Bangalore,5.719
Bangalore,1.759
Bangalore,-4.215
Bangalore,8.221
Bangalore,7.798
Bangalore,4.545
Bangalore,2.235
Bangalore,6.239
Bangalore,8.478
Bangalore,8.271
Bangalore,8.807
Bangalore,6.885
Bangalore,5.423
Bangalore,-2.584
Bangalore,5.859
Bangalore,6.239
Bangalore,7.691
Bangalore,4.574
Bangalore,6.908
Bangalore,0.258
Bangalore,8.877
Bangalore,5.994
Bangalore,5.719
Bangalore,7.798
Bangalore,5.994
Bangalore,-5.106
Bangalore,6.705
Bangalore,8.695
Bangalore,5.267
Bangalore,9.46
Bangalore,9.514
Bangalore,8.271
Bangalore,8.75
Bangalore,8.687
Bangalore,8.221
Bangalore,6.199
Bangalore,7.506
Bangalore,2.732
Bangalore,-1.719
Bangalore,5.267
Bangalore,9.442
Bangalore,5.994
Bangalore,6.369
Bangalore,8.02
Bangalore,6.249
Bangalore,6.597
Bangalore,9.118
Bangalore,-4.215
Bangalore,5.859
Bangalore,4.767
Bangalore,-1.027
Bangalore,5.893
Bangalore,2.869
Bangalore,6.801
Bangalore,5.859
Bangalore,-2.96
Bangalore,7.43
Bangalore,5.994
Bangalore,4.019
Bangalore,8.316
Bangalore,8.074
Bangalore,4.404
Bangalore,9.183
Bangalore,9.246
Bangalore,5.719
Bangalore,8.074
Bangalore,8.388
Bangalore,8.619
Bangalore,6.884
Bangalore,5.994
Bangalore,7.506
Bangalore,2.732
Bangalore,8.582
Bangalore,5.859
Bangalore,6.705
Bangalore,6.72
Bangalore,3.182
Bangalore,2.732
Bangalore,3.544
Bangalore,5.719
Bangalore,5.994
Bangalore,8.402
Bangalore,5.423
Bangalore,5.719
Bangalore,5.719
Bangalore,1.531
Bangalore,7.351
Bangalore,6.597
Bangalore,8.221
Bangalore,-3.818
Bangalore,-2.96
Bangalore,-7.43
Bangalore,-2.425
Bangalore,5.951
Bangalore,3.4
Bangalore,-6.996
Bangalore,3.612
Bangalore,8.02
Bangalore,0.258
Bangalore,3.182
Bangalore,7.506
Bangalore,-5.994
Bangalore,8.126
Bangalore,8.424
Bangalore,0.772
Bangalore,8.748
Bangalore,5.719
Bangalore,2.023
Bangalore,3.4
Bangalore,6.705
Bangalore,4.767
Bangalore,-5.562
Bangalore,8.225
Bangalore,8.02
Bangalore,-4.939
Bangalore,9.274
Bangalore,4.215
Bangalore,8.442
Bangalore,5.859
Bangalore,5.267
Bangalore,4.215
Bangalore,6.114
Bangalore,4.81
Bangalore,9.348
Bangalore,5.859
Bangalore,5.719
Bangalore,0.165
Bangalore,5.719
Bangalore,-4.939
Bangalore,-3.182
Bangalore,7.783
Bangalore,-5.983
Bangalore,-7.249
Bangalore,4.678
Bangalore,8.306
Bangalore,7.43
Bangalore,6.289
Bangalore,9.319
Bangalore,5.719
Bangalore,7.43
Bangalore,9.448
Bangalore,4.215
Bangalore,3.612
Bangalore,-5.983
Bangalore,-3.182
Bangalore,-0.772
Bangalore,7.227
Bangalore,-2.942
Bangalore,2.96
Bangalore,5.994
Bangalore,6.808
Bangalore,7.096
Bangalore,7.212
Bangalore,5.719
Bangalore,-7.556
Bangalore,7.579
Bangalore,7.184
Bangalore,4.404
Bangalore,8.271
Bangalore,9.485
Bangalore,5.267
Bangalore,-2.878
Bangalore,-5.766
Bangalore,8.074
Bangalore,5.267
Bangalore,8.625
Bangalore,5.267
Bangalore,6.249
Bangalore,4.522
Bangalore,8.625
Bangalore,5.719
Bangalore,-0.772
Bangalore,6.476
Bangalore,8.225
Bangalore,0.258
Bangalore,5.859
Bangalore,7.717
Bangalore,7.243
Bangalore,8.271
Bangalore,9.134
Bangalore,2.96
Bangalore,7.184
Bangalore,6.688
Bangalore,4.215
Bangalore,8.316
Bangalore,-0.772
Bangalore,9.488
Bangalore,8.881
Bangalore,-4.939
Bangalore,5.719
Bangalore,8.306
Bangalore,4.404
Bangalore,5.859
Bangalore,-4.215
Bangalore,5.267
Bangalore,5.053
Bangalore,8.176
Bangalore,4.588
Bangalore,7.096
Bangalore,-3.382
Bangalore,8.189
Bangalore,-7.208
Bangalore,8.885
Bangalore,-5.574
Bangalore,4.389
Bangalore,8.591
Bangalore,1.69
Bangalore,7.469
Bangalore,8.591
Bangalore,6.597
Bangalore,8.313
Bangalore,1.69
Bangalore,4.019
Bangalore,6.36
Bangalore,7.964
Bangalore,8.955
Bangalore,-5.719
Bangalore,3.164
Bangalore,6.239
Bangalore,9.176
Bangalore,5.859
Bangalore,-0.516
Bangalore,5.673
Bangalore,6.24
Bangalore,2.5
Bangalore,8.619
Bangalore,5.574
Bangalore,7.65
Bangalore,7.405
Bangalore,6.476
Bangalore,5.719
Bangalore,4.824
Bangalore,6.705
Bangalore,8.807
Bangalore,-6.348
Bangalore,5.095
Bangalore,9.337
Bangalore,5.859
Bangalore,-3.4
Bangalore,-4.939
Bangalore,9.513
Bangalore,5.673
Bangalore,9.101
Bangalore,-3.818
Bangalore,4.215
Bangalore,8.555
Bangalore,4.019
Bangalore,5.719
Bangalore,4.574
Bangalore,8.388
Bangalore,5.267
Bangalore,5.053
Bangalore,4.201
Bangalore,8.074
Bangalore,9.257
Bangalore,-2.96
Bangalore,3.4
Bangalore,7.753
Bangalore,6.808
Bangalore,6.531
Bangalore,0.165
Bangalore,2.023
Bangalore,6.369
Bangalore,-5.419
Bangalore,8.689
Bangalore,-5.08
Bangalore,8.603
Bangalore,-4.939
Bangalore,9.46
Delhi,8.13
Delhi,-4.019
Delhi,-5.574
Delhi,2.235
Delhi,5.994
Delhi,4.019
Delhi,6.884
Delhi,-5.574
Delhi,-4.559
Delhi,3.987
Delhi,3.612
Delhi,-4.574
Delhi,2.846
Delhi,4.019
Delhi,-4.588
Delhi,-6.908
Delhi,-4.389
Delhi,2.235
Delhi,5.106
Delhi,4.019
Delhi,5.859
Delhi,-7.351
Delhi,5.859
Delhi,-6.597
Delhi,5.859
Delhi,-4.824
Delhi,-2.96
Delhi,5.859
Delhi,-5.267
Delhi,3.612
Delhi,5.859
Delhi,5.574
Delhi,3.612
Delhi,-3.4
Delhi,5.229
Delhi,-5.255
Delhi,2.732
Delhi,-5.267
Delhi,-3.987
Delhi,9.239
Delhi,-3.818
Delhi,-3.4
Delhi,6.24
Delhi,-8.074
Delhi,5.859
Delhi,-3.4
Delhi,5.719
Delhi,6.115
Delhi,9.056
Delhi,4.939
Delhi,-4.767
Delhi,-3.818
Delhi,-4.574
Delhi,5.267
Delhi,2.023
Delhi,-2.96
Delhi,3.4
Delhi,6.757
Delhi,-3.182
Delhi,4.939
Delhi,6.908
Delhi,5.574
Delhi,1.695
Delhi,-5.411
Delhi,-3.4
Delhi,-7.906
Delhi,-4.404
Delhi,4.912
Delhi,-1.511
Delhi,-0.516
Delhi,5.859
Delhi,6.124
Delhi,5.859
Delhi,1.027
Delhi,-4.215
Delhi,-3.4
Delhi,6.486
Delhi,-4.215
Delhi,-4.939
Delhi,-5.04
Delhi,5.434
Delhi,-2.96
Delhi,-1.904
Delhi,-6.597
Delhi,5.859
Delhi,6.512
Delhi,8.176
Delhi,4.588
Delhi,7.351
Delhi,3.16
Delhi,-5.994
Delhi,7.199
Delhi,8.58
Delhi,6.103
Delhi,3.612
Delhi,5.267
Delhi,4.215
Delhi,6.884
Delhi,4.939
Delhi,2.023
Delhi,5.859
Delhi,2.263
Delhi,8.816
Delhi,-4.767
Delhi,5.859
Delhi,4.588
Delhi,8.316
Delhi,-1.531
Delhi,2.609
Delhi,4.019
Delhi,2.732
Delhi,2.714
Delhi,4.404
Delhi,5.106
Delhi,6.369
Delhi,3.182
Delhi,5.267
Delhi,3.804
Delhi,5.859
Delhi,-3.4
Delhi,3.4
Delhi,4.588
Delhi,9.056
Delhi,-3.818
Delhi,5.719
Delhi,4.939
Delhi,7.43
Delhi,6.239
Delhi,-1.28
Delhi,7.438
Delhi,7.783
Delhi,3.612
Delhi,-4.515
Delhi,5.859
Delhi,9.14
Delhi,-6.808
Delhi,1.022
Delhi,2.5
Delhi,7.506
Delhi,-3.071
Delhi,-8.074
Delhi,-4.404
Delhi,9.022
Delhi,2.411
Delhi,7.096
Delhi,2.263
Delhi,5.994
Delhi,1.744
Delhi,3.612
Delhi,5.994
Delhi,5.859
Delhi,8.832
Delhi,3.4
Delhi,-1.027
Delhi,4.391
Delhi,4.404
Delhi,4.019
Delhi,-5.574
Delhi,8.297
Delhi,7.184
Delhi,5.719
Delhi,4.767
Delhi,5.719
Delhi,-6.114
Delhi,3.252
Delhi,-3.4
Delhi,-5.256
Delhi,7.845
Delhi,-2.023
Delhi,-4.767
Delhi,-2.716
Delhi,-4.007
Delhi,5.267
Delhi,-5.574
Delhi,2.023
Delhi,-5.859
Delhi,-2.263
Delhi,6.239
Delhi,3.595
Delhi,3.182
Delhi,5.859
Delhi,8.834
Delhi,-5.256
Delhi,7.506
Delhi,6.249
Delhi,-4.767
Delhi,-4.263
Delhi,7.506
Delhi,4.902
Delhi,7.901
Delhi,-3.182
Delhi,5.719
Delhi,-2.023
Delhi,-6.597
Delhi,-2.263
Delhi,4.767
Delhi,-2.96
Delhi,-5.106
Delhi,3.265
Delhi,4.515
Delhi,7.506
Delhi,3.818
Delhi,-4.215
Delhi,6.767
Delhi,-2.96
Delhi,7.506
Delhi,-1.531
Delhi,2.382
Delhi,4.515
Delhi,3.612
Delhi,2.838
Delhi,-2.732
Delhi,4.939
Delhi,8.356
Delhi,5.362
Delhi,2.023
Delhi,2.714
Delhi,4.767
Delhi,-2.96
Delhi,4.404
Delhi,8.519
Delhi,8.011
Delhi,4.588
Delhi,8.402
Delhi,8.217
Delhi,-1.28
Delhi,2.263
Delhi,9.451
Delhi,3.612
Delhi,5.984
Delhi,6.597
Delhi,-1.44
Delhi,-4.767
Delhi,4.767
Delhi,2.732
Delhi,8.519
Delhi,-6.696
Delhi,5.08
Delhi,7.096
Delhi,-4.588
Delhi,7.906
Delhi,5.423
Delhi,3.612
Delhi,4.404
Delhi,3.182
Delhi,0.772
Delhi,7.506
Delhi,5.267
Delhi,-7.579
Delhi,7.003
Delhi,7.783
Delhi,5.994
Delhi,8.555
Delhi,6.892
Delhi,5.093
Delhi,6.249
Delhi,6.369
Delhi,4.767
Delhi,-6.705
Delhi,1.027
Delhi,5.423
Delhi,2.235
Delhi,6.705
Delhi,4.215
Delhi,9.423
Delhi,5.229
Delhi,2.732
Delhi,7.163
Delhi,6.988
Delhi,4.215
Delhi,5.423
Delhi,4.404
Delhi,3.939
Delhi,2.235
Delhi,6.249
Delhi,7.783
Delhi,6.369
Delhi,8.387
Delhi,2.235
Delhi,8.225
Delhi,5.859
Delhi,6.369
Delhi,5.859
Delhi,5.859
Delhi,8.899
Delhi,5.859
Delhi,-4.939
Delhi,-4.588
Delhi,8.225
Delhi,6.597
Delhi,0.772
Delhi,-4.019
Delhi,7.074
Delhi,8.225
Delhi,5.848
Delhi,3.182
Delhi,-5.837
Delhi,0.772
Delhi,9.118
Delhi,6.867
Delhi,2.96
Delhi,4.019
Delhi,5.994
Delhi,8.655
Delhi,5.859
Delhi,8.02
Delhi,6.369
Delhi,8.271
Delhi,-3.612
Delhi,9.115
Delhi,5.267
Delhi,2.732
Delhi,6.808
Delhi,5.267
Delhi,-4.939
Delhi,3.4
Delhi,6.798
Delhi,7.156
Delhi,9.022
Delhi,7.003
Delhi,3.182
Delhi,8.715
Delhi,-3.818
Delhi,5.859
Delhi,-4.939
Delhi,9.238
Delhi,5.859
Delhi,-5.574
Delhi,-3.089
Delhi,1.717
Delhi,7.882
Delhi,-7.717
Delhi,5.423
Delhi,4.767
Delhi,6.249
Delhi,5.562
Delhi,0.772
Delhi,-4.019
Delhi,2.5
Delhi,5.859
Delhi,6.597
Delhi,3.612
Delhi,7.201
Delhi,3.182
Delhi,-6.124
Delhi,5.994
Delhi,8.126
Delhi,1.027
Delhi,4.389
Delhi,5.423
Delhi,1.007
Delhi,-4.019
Delhi,-5.574
Delhi,-5.859
Delhi,7.081
Delhi,5.106
Delhi,7.531
Delhi,1.901
Delhi,6.776
Delhi,4.404
Delhi,7.243
Delhi,7.777
Delhi,8.622
Delhi,6.884
Delhi,2.782
Delhi,5.994
Delhi,0.772
Delhi,6.597
Delhi,7.574
Delhi,5.994
Delhi,9.153
Delhi,-4.717
Delhi,2.263
Delhi,-3.182
Delhi,4.404
Delhi,-4.939
Delhi,8.602
Delhi,4.927
Delhi,2.732
Delhi,8.779
Delhi,6.893
Delhi,7.65
Delhi,-5.106
Delhi,-3.4
Delhi,3.612
Delhi,-2.96
Delhi,5.859
Delhi,5.106
Delhi,7.579
Delhi,8.341
Delhi,-6.187
Delhi,4.926
Delhi,6.369
Delhi,5.719
Delhi,5.719
Delhi,0.258
Delhi,5.994
Delhi,6.688
Delhi,0.258
Delhi,6.369
Delhi,6.239
Delhi,3.182
Delhi,-2.96
Delhi,4.404
Delhi,5.719
Delhi,4.767
Delhi,-3.182
Delhi,-2.824
Delhi,5.033
Delhi,9.231
Delhi,1.779
Delhi,7.804
Delhi,4.019
Delhi,4.215
Delhi,7.494
Delhi,5.719
Delhi,4.019
Delhi,9.531
Delhi,6.369
Delhi,5.859
Delhi,8.755
Delhi,8.02
Delhi,5.983
Delhi,2.263
Delhi,8.953
Delhi,5.719
Delhi,5.994
Delhi,9.661
Delhi,8.316
Delhi,-5.242
Delhi,5.994
Delhi,8.436
Delhi,8.779
Delhi,3.818
Delhi,7.351
Delhi,5.719
Delhi,5.859
Delhi,-3.382
Delhi,5.994
Delhi,-4.201
Delhi,6.114
Delhi,8.75
Delhi,5.719
Delhi,5.719
Delhi,5.994
Delhi,6.58
Delhi,-0.258
Delhi,5.859
Delhi,8.71
Delhi,4.215
Delhi,8.658
Delhi,6.239
Delhi,8.217
Delhi,0.258
Delhi,2.225
Delhi,8.316
Delhi,8.074
Delhi,5.719
Delhi,6.671
Delhi,5.859
Delhi,5.719
Delhi,-4.561
Delhi,7.946
Delhi,5.267
Delhi,5.994
Delhi,8.225
Delhi,5.994
Delhi,3.612
Delhi,-7.964
Delhi,9.062
Delhi,8.402
Delhi,9.442
Delhi,7.003
Delhi,7.372
Delhi,5.994
Delhi,-0.772
Delhi,3.182
Delhi,6.486
Delhi,4.574
Delhi,5.859
Delhi,6.239
Delhi,-3.182
Delhi,9.423
Delhi,8.65
Delhi,6.289
Delhi,4.696
Delhi,5.859
Delhi,5.859
Delhi,8.769
Delhi,8.36
Delhi,7.906
Delhi,5.267
Delhi,4.404
Delhi,0.772
Delhi,5.994
Delhi,6.908
Delhi,8.353
Delhi,-2.263
Delhi,-7.845
Delhi,6.249
Delhi,5.574
Delhi,5.994
Delhi,5.267
Delhi,5.562
Delhi,2.732
Delhi,5.994
Delhi,9.062
Delhi,1.759
Delhi,5.859
Delhi,8.71
Delhi,9.022
Delhi,6.369
Delhi,9.524
Delhi,7.892
Delhi,4.404
Delhi,8.679
Delhi,5.994
Delhi,-7.203
Delhi,5.994
Delhi,6.908
Delhi,-5.255
Delhi,6.124
Delhi,8.257
Delhi,3.612
Delhi,6.037
Delhi,4.404
Delhi,5.267
Delhi,6.908
Delhi,8.221
Delhi,8.743
Delhi,5.859
Delhi,7.906
Delhi,3.612
Delhi,5.719
Delhi,-5.267
Delhi,4.374
Delhi,5.859
Delhi,5.719
Delhi,7.906
Delhi,4.574
Delhi,5.719
Delhi,2.023
Delhi,8.402
Delhi,5.719
Delhi,8.658
Delhi,5.777
Delhi,6.908
Delhi,5.267
Delhi,5.719
Delhi,6.696
Delhi,5.859
Delhi,6.369
Delhi,5.994
Delhi,8.356
Delhi,8.074
Delhi,8.883
Delhi,2.732
Delhi,4.215
Delhi,5.994
Delhi,5.826
Delhi,7.964
Delhi,8.316
Delhi,4.404
Delhi,2.96
Delhi,8.271
Delhi,-2.677
Delhi,5.859
Delhi,8.86
Delhi,6.369
Delhi,7.896
Delhi,-7.717
Delhi,2.321
Delhi,8.658
Delhi,5.994
Delhi,8.271
Delhi,8.619
Delhi,8.582
Delhi,5.719
Delhi,5.777
Delhi,8.398
Delhi,5.859
Delhi,7.579
Delhi,9.602
Delhi,6.369
Delhi,5.719
Delhi,7.003
Delhi,8.271
Delhi,5.719
Delhi,8.074
Delhi,5.826
Delhi,7.906
Delhi,1.531
Delhi,8.494
Delhi,5.994
Delhi,5.719
Delhi,8.271
Delhi,8.225
Delhi,4.926
Delhi,4.003
Delhi,5.994
Delhi,3.716
Delhi,7.003
Delhi,5.423
Delhi,-4.588
Delhi,6.625
Delhi,-4.329
Delhi,9.23
Delhi,5.859
Delhi,7.882
Delhi,8.879
Delhi,7.845
Delhi,-4.885
Delhi,7.118
Delhi,5.267
Delhi,9.001
Delhi,5.719
Delhi,8.779
Delhi,8.741
Delhi,-5.719
Delhi,7.579
Delhi,-4.767
Delhi,5.994
Delhi,8.997
Delhi,4.767
Delhi,7.783
Delhi,7.783
Delhi,5.859
Delhi,5.719
Delhi,8.619
Delhi,6.705
Delhi,-2.732
Delhi,8.074
Delhi,6.289
Delhi,4.588
Delhi,-6.174
Delhi,8.074
Delhi,-5.719
Delhi,8.748
Delhi,7.491
Delhi,8.854
Delhi,8.388
Delhi,8.172
Delhi,2.023
Delhi,-6.817
Delhi,-4.767
Delhi,0.772
Delhi,8.748
Delhi,8.316
Delhi,8.834
Delhi,5.267
Delhi,5.267
Delhi,-4.215
Delhi,-6.66
Delhi,-3.612
Delhi,6.597
Delhi,5.267
Delhi,9.042
Delhi,8.881
Delhi,-4.215
Delhi,8.074
Delhi,-0.516
Delhi,5.508
Delhi,8.225
Delhi,7.96
Delhi,8.074
Delhi,6.369
Delhi,-4.404
Delhi,-1.531
Delhi,5.994
Delhi,8.979
Delhi,7.43
Delhi,9.08
Delhi,7.184
Delhi,-4.588
Delhi,7.579
Delhi,7.955
Delhi,8.658
Delhi,5.994
Delhi,5.994
Delhi,8.316
Delhi,7.506
Delhi,8.777
Delhi,7.177
Delhi,8.997
Delhi,5.994
Delhi,5.719
Delhi,5.859
Delhi,-4.588
Delhi,6.124
Delhi,-1.779
Delhi,6.478
Delhi,5.719
Delhi,6.369
Delhi,5.267
Delhi,-0.516
Delhi,5.994
Delhi,6.114
Delhi,8.074
Delhi,8.225
Delhi,-2.023
Delhi,9.594
Delhi,8.957
Delhi,-5.719
Delhi,6.369
Delhi,2.244
Delhi,5.719
Delhi,4.215
Delhi,8.388
Delhi,-4.767
Delhi,5.859
Delhi,8.225
Delhi,-7.263
Delhi,4.588
Delhi,7.65
Delhi,8.388
Delhi,9.448
Delhi,7.184
Delhi,5.994
Delhi,2.755
Delhi,5.994
Delhi,7.096
Delhi,2.023
Delhi,8.748
Delhi,7.43
Delhi,9.312
Delhi,5.267
Delhi,8.955
Delhi,3.412
Delhi,5.859
Delhi,5.994
Delhi,5.423
Delhi,5.994
Delhi,-4.019
Delhi,8.221
Delhi,9.062
Delhi,9.201
Delhi,5.994
Delhi,7.717
Delhi,7.351
Delhi,9.197
Delhi,2.263
Delhi,5.994
Delhi,1.511
Delhi,8.126
Delhi,2.002
Delhi,5.994
Delhi,8.463
Delhi,8.225
Delhi,5.859
Delhi,8.402
Delhi,7.003
Delhi,0.165
Delhi,8.494
Delhi,0.382
Delhi,5.719
Delhi,5.994
Delhi,8.074
Delhi,-1.4
Delhi,5.994
Delhi,5.994
Delhi,8.388
Delhi,5.719
Delhi,3.818
Delhi,5.562
Delhi,8.126
Delhi,-7.506
Delhi,5.994
Delhi,3.182
Delhi,-4.767
Delhi,5.994
Delhi,9.001
Delhi,2.677
Delhi,6.289
Delhi,6.381
Delhi,8.468
Delhi,7.178
Delhi,4.404
Delhi,3.182
Delhi,7.65
Delhi,2.732
Delhi,2.96
Delhi,5.994
Delhi,6.705
Delhi,6.249
Delhi,4.588
Delhi,9.348
Delhi,4.767
Delhi,5.859
Delhi,9.118
Delhi,5.053
Delhi,5.719
Delhi,9.062
Delhi,5.719
Delhi,-4.133
Delhi,2.732
Delhi,9.319
Delhi,7.096
Delhi,7.906
Delhi,9.531
Delhi,2.732
Delhi,8.126
Delhi,6.369
Delhi,-4.71
Delhi,7.43
Delhi,5.994
Delhi,5.267
Delhi,8.316
Delhi,-5.256
Delhi,5.994
Delhi,8.02
Delhi,5.994
Delhi,1.027
Delhi,9.042
Delhi,8.625
Delhi,-1.531
Delhi,5.994
Delhi,-2.96
Delhi,-1.531
Delhi,9.201
Delhi,6.705
Delhi,4.926
Delhi,-5.878
Delhi,7.65
Delhi,8.176
Delhi,3.291
Delhi,7.854
Delhi,-4.019
Delhi,4.574
Delhi,6.249
Delhi,4.939
Delhi,3.804
Delhi,5.859
Delhi,6.841
Delhi,5.859
Delhi,6.908
Delhi,5.859
Delhi,6.739
Delhi,8.72
Delhi,6.322
Delhi,8.832
Delhi,5.951
Delhi,3.4
Delhi,5.859
Delhi,5.267
Delhi,8.605
Delhi,-6.249
Delhi,-5.574
Delhi,8.769
Delhi,8.061
Delhi,5.267
Delhi,9.678
Delhi,8.264
Delhi,8.356
Delhi,-3.612
Delhi,4.005
Delhi,9.694
Delhi,4.545
Delhi,5.256
Delhi,-5.256
Delhi,8.074
Delhi,5.859
Delhi,8.578
Delhi,-6.249
Delhi,3.4
Delhi,2.732
Delhi,5.256
Delhi,9.751
Delhi,9.448
Delhi,6.808
Delhi,9.246
Delhi,4.019
Delhi,8.807
Delhi,7.783
Delhi,3.612
Delhi,9.13
Delhi,8.02
Delhi,3.612
Delhi,5.859
Delhi,5.719
Delhi,5.267
Delhi,2.263
Delhi,8.36
Delhi,8.793
Delhi,6.58
Delhi,8.271
Delhi,5.859
Delhi,7.783
Delhi,7.184
Delhi,8.537
Delhi,5.719
Delhi,6.58
Delhi,-6.54
Delhi,8.86
Delhi,8.225
Delhi,7.783
Delhi,7.65
Delhi,5.994
Delhi,3.4
Delhi,3.987
Delhi,6.58
Delhi,8.074
Delhi,5.994
Delhi,5.859
Delhi,2.732
Delhi,-3.382
Delhi,2.023
Delhi,-7.005
Delhi,8.271
Delhi,8.68
Delhi,5.994
Delhi,3.4
Delhi,5.859
Delhi,4.404
Delhi,8.083
Delhi,5.859
Delhi,7.351
Delhi,7.125
Delhi,8.126
Delhi,-4.767
Delhi,5.994
Delhi,8.793
Delhi,8.481
Delhi,5.719
Delhi,8.074
Delhi,8.436
Delhi,1.511
Delhi,-2.764
Delhi,-4.767
Delhi,6.696
Delhi,5.267
Delhi,5.994
Delhi,9.153
Delhi,7.831
Delhi,6.239
Delhi,1.531
Delhi,5.267
Delhi,9.815
Delhi,5.719
Delhi,8.271
Delhi,7.43
Delhi,-2.942
Delhi,5.719
Delhi,9.514
Delhi,5.859
Delhi,9.201
Delhi,9.815
Delhi,8.118
Delhi,4.588
Delhi,-2.942
Delhi,8.442
Delhi,6.369
Delhi,5.267
Delhi,7.84
Delhi,3.612
Delhi,5.994
Delhi,8.02
Delhi,6.369
Delhi,5.994
Delhi,8.723
Delhi,9.213
Delhi,7.579
Delhi,6.892
Delhi,-6.124
Delhi,5.719
Delhi,2.96
Delhi,8.398
Delhi,-4.939
Delhi,8.271
Delhi,9.348
Delhi,-4.939
Delhi,1.027
Delhi,8.225
Delhi,6.249
Delhi,9.217
Delhi,5.719
Delhi,-5.267
Delhi,7.579
Delhi,5.994
Delhi,2.96
Delhi,-4.588
Delhi,2.023
Delhi,8.999
Delhi,8.346
Delhi,6.318
Delhi,9.403
Delhi,4.522
Delhi,5.719
Delhi,3.612
Delhi,6.58
Delhi,9.241
Delhi,8.271
Delhi,9.311
Delhi,-4.767
Delhi,8.439
Delhi,9.184
Delhi,6.36
Delhi,6.103
Delhi,8.679
Delhi,8.306
Delhi,7.798
Delhi,9.442
Delhi,5.859
Delhi,8.316
Delhi,8.588
Delhi,2.225
Delhi,5.994
Delhi,-4.939
Delhi,8.225
Delhi,5.994
Delhi,2.5
Delhi,7.882
Delhi,-0.772
Delhi,-7.269
Delhi,8.176
Delhi,5.859
Delhi,8.176
Delhi,8.467
Delhi,6.369
Delhi,3.182
Delhi,8.176
Delhi,7.269
Delhi,3.612
Delhi,-0.772
Delhi,-8.176
Delhi,5.423
Delhi,9.1
Delhi,8.173
Delhi,9.341
Delhi,5.267
Delhi,6.688
Delhi,6.369
Delhi,8.636
Delhi,5.719
Delhi,6.369
Delhi,6.841
Delhi,8.472
Delhi,3.182
Delhi,9.022
Delhi,8.271
Delhi,5.994
Delhi,6.124
Delhi,5.994
Delhi,4.927
Delhi,0.869
Delhi,5.267
Delhi,8.225
Delhi,8.271
Delhi,8.271
Delhi,4.65
Delhi,8.829
Delhi,8.126
Delhi,4.215
Delhi,6.908
Delhi,9.661
Delhi,8.793
Delhi,4.019
Delhi,8.271
Delhi,-2.425
Delhi,9.531
Delhi,5.719
Delhi,6.688
Delhi,4.404
Delhi,6.705
Delhi,-8.299
Delhi,5.994
Delhi,3.182
Delhi,9.062
Delhi,-0.634
Delhi,6.486
Delhi,5.719
Delhi,4.019
Delhi,8.02
Delhi,5.055
Delhi,9.169
Delhi,3.182
Delhi,-6.369
Delhi,5.423
Delhi,8.074
Delhi,7.574
Delhi,7.845
Delhi,4.019
Delhi,5.932
Delhi,4.215
Delhi,6.981
Delhi,6.776
Delhi,3.612
Delhi,6.369
Delhi,3.4
Delhi,7.184
Delhi,9.442
Delhi,5.859
Delhi,0.772
Delhi,7.418
Delhi,3.612
Delhi,6.688
Delhi,-3.612
Delhi,7.574
Delhi,7.351
Delhi,5.994
Delhi,8.126
Delhi,4.939
Delhi,8.442
Delhi,5.994
Delhi,9.1
Delhi,-6.449
Delhi,4.767
Delhi,9.217
Delhi,9.501
Delhi,-2.96
Delhi,8.774
Delhi,5.86
Delhi,9.815
Delhi,6.597
Delhi,5.994
Delhi,5.994
Delhi,3.612
Delhi,8.225
Delhi,9.042
Delhi,-5.12
Delhi,-4.215
Delhi,8.176
Delhi,7.241
Delhi,8.074
Delhi,0.772
Delhi,9.015
Delhi,5.994
Delhi,8.02
Delhi,5.859
Delhi,5.859
Delhi,5.106
Delhi,9.714
Delhi,7.43
Delhi,7.612
Delhi,9.042
Delhi,-3.182
Delhi,-5.574
Delhi,5.719
Delhi,6.369
Delhi,9.36
Delhi,4.588
Delhi,8.353
Delhi,5.719
Delhi,4.215
Delhi,9.485
Delhi,8.555
Delhi,8.679
Delhi,6.908
Delhi,8.55
Delhi,7.096
Delhi,8.271
Delhi,-4.767
Delhi,6.115
Delhi,5.719
Delhi,5.719
Delhi,3.919
Delhi,5.994
Delhi,3.553
Delhi,9.118
Delhi,2.023
Delhi,5.574
Delhi,8.225
Delhi,5.994
Delhi,-3.4
Delhi,6.531
Delhi,-9.081
Delhi,6.239
Delhi,8.481
Delhi,9.038
Delhi,8.074
Delhi,6.997
Delhi,3.612
Delhi,7.096
Delhi,5.267
Delhi,6.239
Delhi,5.994
Delhi,4.019
Delhi,8.388
Delhi,5.994
Delhi,6.841
Delhi,1.69
Delhi,-3.612
Delhi,4.102
Delhi,9.022
Delhi,6.369
Delhi,6.841
Delhi,5.994
Delhi,6.531
Delhi,8.074
Delhi,2.023
Delhi,-4.199
Delhi,5.859
Delhi,-7.553
Delhi,-1.901
Delhi,5.707
Delhi,8.591
Delhi,8.777
Delhi,7.65
Delhi,4.019
Delhi,8.934
Delhi,8.225
Delhi,5.859
Delhi,-4.939
Delhi,8.603
Delhi,5.267
Delhi,5.859
Delhi,5.719
Delhi,2.023
Delhi,7.096
Delhi,-6.348
Delhi,7.845
Delhi,5.719
Delhi,9.042
Delhi,8.126
Delhi,3.182
Delhi,9.02
Delhi,6.199
Delhi,1.69
Delhi,6.369
Delhi,-2.411
Delhi,-7.329
Delhi,7.845
Delhi,7.783
Delhi,9.514
Delhi,7.125
Delhi,-1.877
Delhi,7.506
Delhi,7.034
Delhi,-1.779
Delhi,8.271
Delhi,8.58
Delhi,8.748
Delhi,9.46
Delhi,-3.182
Delhi,3.182
Delhi,1.027
Delhi,-4.588
Delhi,9.062
Delhi,8.316
Delhi,7.034
Delhi,2.5
Delhi,1.69
Delhi,8.591
Delhi,8.36
Delhi,5.423
Delhi,8.176
Delhi,5.994
Delhi,1.779
Delhi,-5.574
Delhi,5.267
Delhi,4.215
Delhi,9.151
Delhi,-4.767
Delhi,7.184
Delhi,8.481
Delhi,8.074
Delhi,8.674
Delhi,-4.926
Delhi,5.859
Delhi,9.296
Delhi,5.267
Delhi,6.124
Delhi,-4.215
Delhi,6.369
Delhi,6.103
Delhi,6.369
Delhi,5.994
Delhi,8.313
Delhi,8.689
Delhi,8.356
Delhi,2.732
Delhi,-3.4
Delhi,9.442
Delhi,1.28
Delhi,5.994
Delhi,6.981
Delhi,6.597
Delhi,4.404
Delhi,-8.225
Delhi,9.678
Delhi,6.249
Delhi,5.673
Delhi,-0.516
Delhi,4.215
Delhi,5.574
Delhi,6.369
Delhi,8.494
Delhi,5.994
Delhi,-0.062
Delhi,6.597
Delhi,4.912
Delhi,5.719
Delhi,5.994
Delhi,3.612
Delhi,-6.037
Delhi,8.074
Delhi,3.182
Delhi,5.267
Delhi,5.267
Delhi,5.719
Delhi,8.402
Delhi,-4.588
Delhi,8.748
Delhi,0.772
Delhi,2.96
Delhi,8.625
Delhi,9.186
Delhi,5.719
Delhi,5.267
Delhi,9.299
Delhi,5.994
Delhi,6.369
Delhi,1.779
Delhi,6.36
Delhi,8.074
Delhi,5.859
Delhi,6.841
Delhi,8.074
Delhi,-8.077
Delhi,-3.818
Delhi,8.741
Delhi,-7.329
Delhi,7.587
Delhi,-4.939
Delhi,-3.612
Delhi,5.994
Delhi,7.579
Delhi,9.117
Delhi,6.369
Delhi,5.267
Delhi,8.36
Delhi,5.994
Delhi,-1.531
Delhi,7.783
Delhi,9.003
Delhi,5.994
Delhi,2.96
Delhi,9.56
Delhi,9.392
Delhi,8.3
Delhi,-6.956
Delhi,5.859
Delhi,7.717
Delhi,5.994
Delhi,5.267
Delhi,1.779
Delhi,6.077
Delhi,8.934
Delhi,-4.754
Delhi,7.351
Delhi,5.994
Delhi,7.506
Delhi,8.934
Delhi,3.182
Delhi,4.588
Delhi,7.506
Delhi,8.316
Delhi,5.859
Delhi,3.4
Delhi,5.267
Delhi,7.351
Delhi,5.106
Delhi,4.914
Delhi,5.267
Delhi,8.72
Delhi,9.498
Delhi,8.074
Delhi,-7.211
Delhi,1.531
Delhi,8.126
Delhi,8.86
Delhi,9.403
Delhi,8.72
Delhi,6.908
Delhi,-6.705
Delhi,-1.28
Delhi,0.516
Delhi,2.96
Delhi,1.027
Delhi,9.299
Delhi,6.36
Delhi,7.456
Delhi,9.428
Delhi,8.72
Delhi,-7.329
Delhi,8.02
Delhi,5.267
Delhi,6.124
Delhi,-4.939
Delhi,8.807
Delhi,6.369
Delhi,8.07
Delhi,-3.4
Delhi,4.767
Delhi,0.572
Delhi,-4.939
Delhi,6.688
Delhi,9.061
Delhi,9.371
Delhi,8.442
Delhi,2.023
Delhi,6.688
Delhi,9.531
Delhi,6.124
Delhi,5.267
Delhi,8.074
Delhi,6.676
Delhi,-3.597
Delhi,5.994
Delhi,8.074
Delhi,-2.96
Delhi,2.732
Delhi,8.225
Delhi,5.023
Delhi,9.022
Delhi,9.061
Delhi,6.688
Delhi,-3.612
Delhi,6.369
Delhi,3.182
Delhi,9.26
Delhi,8.225
Delhi,5.859
Delhi,-4.767
Delhi,9.442
Delhi,5.267
Delhi,9.136
Delhi,3.612
Jaipur,9.15
Jaipur,1.655
Jaipur,5.106
Jaipur,6.767
Jaipur,3.612
Jaipur,3.612
Jaipur,5.267
Jaipur,8.75
Jaipur,6.997
Jaipur,6.705
Jaipur,1.744
Jaipur,2.5
Jaipur,2.382
Jaipur,3.4
Jaipur,-2.905
Jaipur,9.246
Jaipur,5.994
Jaipur,7.003
Jaipur,6.867
Jaipur,8.074
Jaipur,3.716
Jaipur,6.776
Jaipur,1.007
Jaipur,2.714
Jaipur,8.225
Jaipur,5.719
Jaipur,3.612
Jaipur,5.719
Jaipur,7.65
Jaipur,9.081
Jaipur,6.24
Jaipur,6.988
Jaipur,1.28
Jaipur,9.153
Jaipur,-4.201
Jaipur,7.946
Jaipur,8.074
Jaipur,2.244
Jaipur,-4.215
Jaipur,5.719
Jaipur,6.908
Jaipur,9.477
Jaipur,6.249
Jaipur,-8.225
Jaipur,7.783
Jaipur,0.772
Jaipur,0.258
Jaipur,7.096
Jaipur,8.176
Jaipur,8.26
Jaipur,5.484
Jaipur,7.506
Jaipur,6.762
Jaipur,-4.215
Jaipur,5.719
Jaipur,5.994
Jaipur,5.994
Jaipur,4.019
Jaipur,5.053
Jaipur,9.274
Jaipur,5.719
Jaipur,9.001
Jaipur,8.388
Jaipur,9.423
Jaipur,9.46
Jaipur,3.252
Jaipur,9.081
Jaipur,5.423
Jaipur,8.316
Jaipur,9.319
Jaipur,5.267
Jaipur,5.859
Jaipur,5.859
Jaipur,8.074
Jaipur,-3.412
Jaipur,8.353
Jaipur,9.313
Jaipur,-3.818
Jaipur,6.908
Jaipur,8.271
Jaipur,9.428
Jaipur,8.225
Jaipur,8.074
Jaipur,8.221
Jaipur,4.215
Jaipur,5.994
Jaipur,9.348
Jaipur,5.859
Jaipur,8.074
Jaipur,6.239
Jaipur,4.767
Jaipur,9.423
Jaipur,-6.908
Jaipur,9.1
Jaipur,5.994
Jaipur,2.023
Jaipur,7.43
Jaipur,9.403
Jaipur,8.074
Jaipur,7.096
Jaipur,9.371
Jaipur,5.719
Jaipur,9.042
Jaipur,7.717
Jaipur,6.289
Jaipur,0.972
Jaipur,6.239
Jaipur,5.267
Jaipur,4.215
Jaipur,-4.019
Jaipur,8.625
Jaipur,6.696
Jaipur,2.964
Jaipur,5.719
Jaipur,8.388
Jaipur,8.617
Jaipur,9.239
Jaipur,-4.329
Jaipur,6.281
Jaipur,4.588
Jaipur,8.842
Jaipur,9.081
Jaipur,9.442
Jaipur,8.748
Jaipur,8.074
Jaipur,2.96
Jaipur,9.184
Jaipur,8.306
Jaipur,2.96
Jaipur,9.779
Jaipur,0.258
Jaipur,4.574
Jaipur,6.696
Jaipur,-2.942
Jaipur,6.908
Jaipur,5.423
Jaipur,6.784
Jaipur,5.719
Jaipur,5.267
Jaipur,8.625
Jaipur,8.885
Jaipur,5.267
Jaipur,6.688
Jaipur,8.225
Jaipur,5.267
Jaipur,5.859
Jaipur,6.688
Jaipur,-1.511
Jaipur,5.719
Jaipur,-0.634
Jaipur,8.316
Jaipur,6.896
Jaipur,3.612
Jaipur,8.748
Jaipur,8.442
Jaipur,7.416
Jaipur,4.65
Jaipur,6.696
Jaipur,7.096
Jaipur,6.114
Jaipur,6.369
Jaipur,7.579
Jaipur,0.165
Jaipur,5.951
Jaipur,8.074
Jaipur,3.612
Jaipur,2.023
Jaipur,-5.574
Jaipur,9.015
Jaipur,8.91
Jaipur,5.707
Jaipur,8.829
Jaipur,8.807
Jaipur,7.65
Jaipur,-5.719
Jaipur,7.184
Jaipur,-3.182
Jaipur,8.807
Jaipur,7.5
Jaipur,6.103
Jaipur,5.267
Jaipur,8.074
Jaipur,8.074
Jaipur,4.914
Jaipur,3.919
Jaipur,9.081
Jaipur,7.351
Jaipur,4.795
Jaipur,8.402
Jaipur,9.062
Jaipur,8.86
Jaipur,5.859
Jaipur,6.24
Jaipur,5.859
Jaipur,8.074
Jaipur,7.125
Jaipur,5.267
Jaipur,4.574
Jaipur,6.705
Jaipur,8.603
Jaipur,-3.612
Jaipur,8.065
Jaipur,4.404
Jaipur,3.4
Jaipur,-3.182
Jaipur,6.531
Jaipur,7.515
Pune,8.555
Pune,4.404
Pune,7.553
Pune,4.404
Pune,5.267
Pune,-5.528
Pune,3.612
Pune,-4.767
Pune,-3.4
Pune,4.404
Pune,4.939
Pune,4.404
Pune,-5.994
Pune,6.688
Pune,-3.412
Pune,7.901
Pune,-4.767
Pune,-1.289
Pune,5.994
Pune,4.278
Pune,8.91
Pune,-5.743
Pune,4.019
Pune,4.767
Pune,4.926
Pune,3.919
Pune,4.404
Pune,4.404
Pune,4.404
Pune,4.404
Pune,-2.96
Pune,0.772
Pune,5.719
Pune,7.43
Pune,2.263
Pune,-5.859
Pune,7.43
Pune,2.732
Pune,6.239
Pune,6.808
Pune,2.263
Pune,4.404
Pune,4.404
Pune,8.75
Pune,-2.425
Pune,4.019
Pune,4.939
Pune,-4.404
Pune,-4.228
Pune,7.156
Pune,2.153
Pune,7.959
Pune,6.581
Pune,7.43
Pune,9.169
Pune,8.91
Pune,-4.228
Pune,0.772
Pune,3.4
Pune,1.511
Pune,4.404
Pune,4.404
Pune,4.389
Pune,5.255
Pune,5.859
Pune,-5.859
Pune,7.269
Pune,-2.263
Pune,7.43
Pune,7.003
Pune,3.612
Pune,7.739
Pune,4.588
Pune,-1.531
Pune,-1.742
Pune,-6.486
Pune,6.369
Pune,6.981
Pune,7.003
Pune,6.369
Pune,3.612
Pune,3.612
Pune,7.096
Pune,-0.574
Pune,4.404
Pune,4.404
Pune,4.019
Pune,5.719
Pune,3.612
Pune,5.719
Pune,8.979
Pune,4.404
Pune,5.696
Pune,6.239
Pune,2.023
Pune,9.022
Pune,8.779
Pune,6.114
Pune,-5.09
Pune,4.215
Pune,2.846
Pune,4.404
Pune,4.404
Pune,4.404
Pune,4.404
Pune,7.906
Pune,6.124
Pune,4.767
Pune,9.482
Pune,-0.191
Pune,5.994
Pune,-1.027
Pune,-3.612
Pune,-4.717
Pune,1.007
Pune,8.387
Pune,6.369
Pune,6.739
Pune,0.258
Pune,9.231
Pune,6.369
Pune,6.249
Pune,7.328
Pune,4.389
Pune,8.779
Pune,9.153
Pune,-4.939
Pune,7.43
Pune,2.96
Pune,-3.744
Pune,0.772
Pune,9.241
Pune,8.519
Pune,8.519
Pune,7.494
Pune,6.145
Pune,8.624
Pune,8.934
Pune,2.714
Pune,1.28
Pune,7.184
Pune,5.994
Pune,7.5
Pune,7.43
Pune,7.43
Pune,8.221
Pune,5.859
Pune,7.081
Pune,-2.824
Pune,8.769
Pune,5.994
Pune,2.964
Pune,2.714
Pune,5.859
Pune,4.374
Pune,0.772
Pune,3.818
Pune,1.759
Pune,5.859
Pune,9.206
Pune,3.595
Pune,7.65
Pune,2.732
Pune,4.574
Pune,5.994
Pune,6.249
Pune,5.707
Pune,8.176
Pune,5.719
Pune,5.267
Pune,8.702
Pune,3.612
Pune,4.215
Pune,8.225
Pune,5.994
Pune,5.508
Pune,2.815
Pune,6.114
Pune,3.612
Pune,8.402
Pune,-6.394
Pune,7.65
Pune,-4.767
Pune,8.316
Pune,7.351
Pune,-7.955
Pune,-4.939
Pune,8.139
Pune,5.719
Pune,7.901
Pune,6.249
Pune,8.591
Pune,9.442
Pune,5.255
Pune,-6.174
Pune,4.767
Pune,2.5
Pune,5.053
Pune,4.215
Pune,2.235
Pune,4.404
Pune,7.65
Pune,7.783
Pune,-7.351
Pune,-5.991
Pune,8.074
Pune,5.994
Pune,7.717
Pune,8.957
Pune,4.215
Pune,6.239
Pune,8.225
Pune,6.114
Pune,5.859
Pune,8.388
Pune,-4.767
Pune,6.249
Pune,5.994
Pune,7.798
Pune,-5.991
Pune,5.994
Pune,-6.36
Pune,-4.721
Pune,8.225
Pune,8.582
Pune,-1.984
Pune,8.619
Pune,8.741
Pune,8.316
Pune,5.994
Pune,5.719
Pune,5.994
Pune,6.776
Pune,9.184
Pune,9.319
Pune,8.114
Pune,8.225
Pune,-2.96
Pune,8.555
Pune,6.249
Pune,4.215
Pune,5.719
Pune,8.225
Pune,8.748
Pune,6.289
Pune,8.881
Pune,0.165
Pune,7.906
Pune,3.553
Pune,-0.258
Pune,2.714
Pune,5.994
Pune,6.249
Pune,9.287
Pune,4.767
Pune,9.1
Pune,5.423
Pune,8.074
Pune,-0.258
Pune,8.625
Pune,5.719
Pune,8.225
Pune,9.274
Pune,2.235
Pune,-4.401
Pune,7.655
Pune,5.719
Pune,7.65
Pune,7.351
Pune,0.382
Pune,-4.404
Pune,5.951
Pune,8.464
Pune,7.096
Pune,5.994
Pune,5.267
Pune,1.154
Pune,5.994
Pune,8.225
Pune,5.106
Pune,5.267
Pune,5.994
Pune,7.432
Pune,3.4
Pune,8.36
Pune,8.442
Pune,5.848
Pune,3.182
Pune,7.783
Pune,9.348
Pune,7.184
Pune,6.229
Pune,2.714
Pune,9.647
Pune,6.317
Pune,5.859
Pune,6.988
Pune,8.074
Pune,4.469
Pune,8.748
Pune,6.229
Pune,6.841
Pune,-4.939
Pune,-4.588
Pune,8.977
Pune,8.494
Pune,5.859
Pune,3.182
Pune,7.227
Pune,6.369
Pune,3.818
Pune,5.983
Pune,8.866
Pune,6.696
Pune,8.316
Pune,5.994
Pune,5.859
Pune,5.707
Pune,7.14
Pune,6.369
Pune,5.994
Pune,7.43
Pune,5.267
Pune,8.074
Pune,9.423
Pune,3.164
Pune,7.506
Pune,5.719
Pune,5.267
Pune,-2.732
Pune,3.595
Pune,8.658
Pune,6.696
Pune,6.369
Pune,7.772
Pune,8.176
Pune,8.216
Pune,-2.96
Pune,4.574
Pune,2.225
Pune,8.741
Pune,6.281
Pune,5.399
Pune,0.772
Pune,4.559
Pune,9.1
Pune,6.688
Pune,3.911
Pune,6.369
Pune,5.859
Pune,8.271
Pune,8.225
Pune,6.36
Pune,6.369
Pune,2.96
Pune,5.859
Pune,3.753
Pune,3.182
Pune,3.818
Pune,-1.511
Pune,8.126
Pune,3.4
Pune,0.772
Pune,8.176
Pune,-5.267
Pune,7.096
Pune,9.274
Pune,3.919
Pune,-4.019
Pune,3.612
Pune,8.126
Pune,3.987
Pune,8.217
Pune,-5.719
Pune,4.545
Pune,6.597
Pune,8.58
Pune,9.201
Pune,6.588
Pune,-3.818
Pune,6.688
Pune,7.351
Pune,7.096
Pune,-1.779
Pune,0.258
Pune,4.019
Pune,8.306
Pune,7.865
Pune,7.163
Pune,4.019
Pune,3.612
Pune,6.369
Pune,8.306
Pune,6.58
Pune,2.96
Pune,5.719
Pune,7.399
Pune,8.353
Pune,5.994
Pune,5.106
Pune,9.345
Pune,8.225
Pune,4.767
Pune,8.603
Pune,-2.755
Pune,7.65
Pune,8.271
Pune,4.588
Pune,6.135
Pune,8.074
Pune,5.859
Pune,-4.912
Pune,5.729
Pune,6.239
Pune,8.36
Pune,8.516
Pune,5.719
Pune,7.256
Pune,5.267
Pune,5.719
Pune,5.267
Pune,2.732
Pune,5.994
Pune,3.182
Pune,-0.516
Pune,5.719
Pune,3.182
Pune,2.023
Pune,-5.093
Pune,2.263
Pune,6.369
Pune,9.062
Pune,2.732
Pune,4.199
Pune,6.369
Pune,6.352
Pune,4.019
Pune,8.316
Pune,4.019
Pune,8.55
Pune,9.022
Pune,5.994
Pune,-4.329
Pune,2.732
Pune,5.994
Pune,5.423
Pune,1.28
Pune,9.638
Pune,6.36
Pune,5.994
Pune,7.488
Pune,9.296
Pune,6.597
Pune,9.337
Pune,9.042
Pune,4.003
Pune,5.859
Pune,8.807
Pune,8.519
Pune,8.225
Pune,1.655
Pune,8.225
Pune,-3.818
Pune,3.182
Pune,-1.28
Pune,8.316
Pune,9.78
Pune,8.02
Pune,4.168
Pune,-5.574
Pune,6.531
Pune,6.369
Pune,5.719
Pune,5.994
Pune,7.037
Pune,9.501
Pune,7.128
Pune,5.106
Pune,7.037
Pune,-6.956
Pune,9.013
Pune,7.65
Pune,6.705
Pune,7.003
Pune,7.003
Pune,2.732
Pune,0.258
Pune,1.759
Pune,8.02
Pune,7.964
Pune,4.019
Pune,8.225
Pune,7.506
Coimbatore,-4.767
Coimbatore,3.182
Coimbatore,2.023
Coimbatore,3.612
Coimbatore,6.369
Coimbatore,-4.939
Coimbatore,8.625
Coimbatore,-6.8
Coimbatore,-1.28
Coimbatore,7.312
Coimbatore,6.892
Coimbatore,4.926
Coimbatore,-4.404
Coimbatore,3.544
Coimbatore,4.215
Coimbatore,8.715
Coimbatore,7.579
Coimbatore,-5.743
Coimbatore,2.942
Coimbatore,3.612
Coimbatore,5.859
Coimbatore,5.696
Coimbatore,8.074
Coimbatore,5.574
Coimbatore,4.404
Coimbatore,5.994
Coimbatore,6.597
Coimbatore,6.597
Coimbatore,3.818
Coimbatore,7.154
Coimbatore,3.612
Coimbatore,5.994
Coimbatore,7.513
Coimbatore,1.007
Coimbatore,5.719
Coimbatore,3.612
Coimbatore,5.255
Coimbatore,3.612
Coimbatore,5.815
Coimbatore,6.369
Coimbatore,6.369
Coimbatore,9.217
Coimbatore,6.884
Coimbatore,8.26
Coimbatore,5.859
Coimbatore,9.042
Coimbatore,6.36
Coimbatore,5.719
Coimbatore,9.46
Coimbatore,0.534
Coimbatore,5.267
Coimbatore,8.748
Coimbatore,5.859
Coimbatore,4.574
Coimbatore,0.258
Coimbatore,-4.215
Coimbatore,5.719
Coimbatore,6.24
Coimbatore,5.267
Coimbatore,6.239
Coimbatore,7.43
Coimbatore,5.859
Coimbatore,9.514
Coimbatore,8.718
Coimbatore,5.719
Coimbatore,8.659
Coimbatore,9.442
Coimbatore,-7.512
Coimbatore,8.353
Coimbatore,-4.184
Coimbatore,6.114
Coimbatore,5.951
Coimbatore,7.798
Coimbatore,2.96
Coimbatore,8.555
Coimbatore,5.859
Coimbatore,8.625
Coimbatore,7.783
Coimbatore,3.818
Coimbatore,7.456
Coimbatore,5.994
Coimbatore,5.719
Coimbatore,4.215
Coimbatore,6.458
Coimbatore,5.994
Coimbatore,-4.588
Coimbatore,9.393
Coimbatore,-3.182
Coimbatore,8.074
Coimbatore,6.597
Coimbatore,-0.516
Coimbatore,8.494
Coimbatore,9.448
Coimbatore,8.271
Coimbatore,5.267
Coimbatore,-4.118
Coimbatore,5.267
Coimbatore,8.388
Coimbatore,7.579
Coimbatore,-4.71
Coimbatore,8.225
Coimbatore,4.404
Coimbatore,-2.5
Coimbatore,7.43
Coimbatore,8.221
Coimbatore,4.019
Coimbatore,0.258
Coimbatore,-0.258
Coimbatore,6.981
Coimbatore,-1.655
Coimbatore,0.165
Coimbatore,5.267
Coimbatore,4.767
Coimbatore,4.215
Coimbatore,5.719
Coimbatore,5.994
Coimbatore,5.719
Coimbatore,-5.448
Coimbatore,8.834
Coimbatore,8.271
Coimbatore,7.65
Coimbatore,8.36
Coimbatore,6.841
Coimbatore,8.625
Coimbatore,8.02
Coimbatore,9.594
Coimbatore,7.125
Coimbatore,8.442
Coimbatore,5.994
Coimbatore,5.994
Coimbatore,8.748
Coimbatore,8.908
Coimbatore,2.5
Coimbatore,8.625
Coimbatore,5.859
Coimbatore,2.023
Coimbatore,8.807
Coimbatore,9.348
Coimbatore,5.994
Coimbatore,6.096
Coimbatore,5.267
Coimbatore,8.934
Coimbatore,6.696
Coimbatore,5.267
Coimbatore,8.36
Coimbatore,6.369
Coimbatore,-1.984
Coimbatore,5.673
Coimbatore,7.096
Coimbatore,8.316
Coimbatore,5.267
Coimbatore,8.02
Coimbatore,8.306
Coimbatore,4.145
Coimbatore,5.267
Coimbatore,8.834
Coimbatore,7.783
Coimbatore,6.289
Coimbatore,7.184
Coimbatore,1.28
Coimbatore,6.36
Coimbatore,9.098
Coimbatore,5.267
Coimbatore,9.081
Coimbatore,6.841
Coimbatore,4.019
Coimbatore,9.488
Coimbatore,5.859
Coimbatore,-3.182
Coimbatore,4.545
Coimbatore,3.612
Coimbatore,-4.118
Coimbatore,5.719
Coimbatore,9.434
Coimbatore,3.164
Coimbatore,3.182
Coimbatore,3.4
Coimbatore,6.077
Coimbatore,5.719
Coimbatore,7.783
Coimbatore,2.732
Coimbatore,9.501
Coimbatore,4.404
Coimbatore,3.578
Coimbatore,7.351
Coimbatore,1.69
Coimbatore,5.859
Coimbatore,8.591
Coimbatore,7.696
Coimbatore,7.65
Coimbatore,5.574
Coimbatore,8.591
Coimbatore,5.719
Coimbatore,7.639
Coimbatore,-6.348
Coimbatore,6.36
Coimbatore,-4.939
Coimbatore,-3.4
Coimbatore,-4.588
Coimbatore,3.612
Coimbatore,8.011
Coimbatore,6.884
Coimbatore,4.215
Coimbatore,8.402
Coimbatore,-3.4
Coimbatore,5.719
Coimbatore,4.588
Coimbatore,6.688
Coimbatore,5.093
Coimbatore,3.182
Coimbatore,9.296
Coimbatore,6.467
Coimbatore,8.074
Coimbatore,7.506
Coimbatore,6.36
Coimbatore,5.859
Coimbatore,-3.4
Coimbatore,9.042
Coimbatore,9.319
Coimbatore,1.695
Coimbatore,5.994
Coimbatore,7.43
Coimbatore,9.022
Coimbatore,1.695
Coimbatore,8.02
Coimbatore,8.02
Coimbatore,-3.612
Coimbatore,8.176
Coimbatore,5.994
Coimbatore,8.494
Coimbatore,5.267
Coimbatore,-2.023
Coimbatore,5.267
Coimbatore,7.125
Coimbatore,5.423
Coimbatore,8.881
Coimbatore,5.423
Coimbatore,8.807
Coimbatore,5.673
Coimbatore,7.074
Coimbatore,-1.28
Coimbatore,5.423
Coimbatore,4.019
Coimbatore,2.023
Coimbatore,7.996
Coimbatore,6.103
Coimbatore,4.019
Coimbatore,8.769
Coimbatore,6.077
Coimbatore,8.86
Coimbatore,4.215
Coimbatore,8.402
Coimbatore,6.369
Coimbatore,2.96
Coimbatore,-6.956
Coimbatore,-4.404
Coimbatore,8.779
Coimbatore,9.337
Coimbatore,8.442
Coimbatore,5.719
Coimbatore,8.555
Dubai,4.199
Dubai,4.547
Dubai,6.58
Dubai,-3.4
Dubai,-5.574
Dubai,-6.124
Dubai,4.753
Dubai,6.841
Dubai,6.841
Dubai,8.291
Dubai,4.767
Dubai,3.804
Dubai,3.4
Dubai,-1.774
Dubai,4.019
Dubai,7.088
Dubai,0.772
Dubai,9.153
Dubai,-4.522
Dubai,3.4
Dubai,2.96
Dubai,-4.199
Dubai,6.58
Dubai,-3.182
Dubai,7.163
Dubai,9.039
Dubai,0.258
Dubai,2.263
Dubai,0.258
Dubai,0.258
Dubai,3.595
Dubai,4.201
Dubai,5.994
Dubai,4.574
Dubai,8.602
Dubai,5.267
Dubai,4.574
Dubai,9.442
Dubai,1.759
Dubai,0.516
Dubai,-7.256
Dubai,4.574
Dubai,8.67
Dubai,7.351
Dubai,2.235
Dubai,6.369
Dubai,7.798
Dubai,5.267
Dubai,7.964
Dubai,7.717
Dubai,6.688
Dubai,5.267
Dubai,5.859
Dubai,5.267
Dubai,5.719
Dubai,9.448
Dubai,6.369
Dubai,8.679
Dubai,8.388
Dubai,6.249
Dubai,9.642
Dubai,5.267
Dubai,8.225
Dubai,8.074
Dubai,7.184
Dubai,5.951
Dubai,9.348
Dubai,8.264
Dubai,8.225
Dubai,5.859
Dubai,5.994
Dubai,6.114
Dubai,5.994
Dubai,9.274
Dubai,9.605
Dubai,8.619
Dubai,7.43
Dubai,8.591
Dubai,4.215
Dubai,7.783
Dubai,4.215
Dubai,7.227
Dubai,5.267
Dubai,8.934
Dubai,6.289
Dubai,3.818
Dubai,1.007
Dubai,5.267
Dubai,6.776
Dubai,6.652
Dubai,0.165
Dubai,-5.994
Dubai,5.859
Dubai,6.249
Dubai,9.184
Dubai,6.369
Dubai,5.719
Dubai,8.306
Dubai,6.688
Dubai,6.688
Dubai,5.994
Dubai,9.098
Dubai,3.164
Dubai,9.312
Dubai,4.767
Dubai,8.316
Dubai,5.267
Dubai,7.579
Dubai,-5.267
Dubai,0.258
Dubai,8.221
Dubai,4.404
Dubai,5.267
Dubai,-3.612
Dubai,0.772
Dubai,-3.182
Dubai,7.269
Dubai,7.579
Dubai,-4.588
Dubai,2.396
Dubai,0.772
Dubai,4.215
Dubai,5.859
Dubai,8.192
Dubai,9.243
Dubai,6.696
Dubai,5.859
Dubai,9.514
Dubai,8.603
Dubai,9.296
Dubai,7.65
Dubai,5.423
Dubai,1.69
Dubai,5.859
Dubai,9.1
Dubai,8.126
Dubai,5.859
Dubai,5.859
Dubai,-3.4
Dubai,5.859
Dubai,8.316
Dubai,-3.818
Dubai,-2.394
Dubai,-3.129
Dubai,4.215
Dubai,-6.348
Dubai,8.748
Dubai,7.003
Dubai,5.859
